warning: `lemma_inverse_involution` is ambiguous
    --> /home/bepis/prog/verus-cad/tactus-group-theory/src/machine_group.rs:1578:5
     |
1578 |     lemma_inverse_involution(rs);
     |     ^^^^^^^^^^^^^^^^^^^^^^^^ ambiguous name
     |
     = warning: this was previously accepted by the compiler but is being phased out; it will become a hard error in a future release!
     = note: for more information, see issue #114095 <https://github.com/rust-lang/rust/issues/114095>
     = note: ambiguous because of multiple glob imports of a name in the same module
note: `lemma_inverse_involution` could refer to the function imported here
    --> /home/bepis/prog/verus-cad/tactus-group-theory/src/machine_group.rs:2:5
     |
   2 | use crate::symbol::*;
     |     ^^^^^^^^^^^^^^^^
     = help: consider adding an explicit import of `lemma_inverse_involution` to disambiguate
note: `lemma_inverse_involution` could also refer to the function imported here
    --> /home/bepis/prog/verus-cad/tactus-group-theory/src/machine_group.rs:3:5
     |
   3 | use crate::word::*;
     |     ^^^^^^^^^^^^^^
     = help: consider adding an explicit import of `lemma_inverse_involution` to disambiguate
     = note: `#[warn(ambiguous_glob_imports)]` (part of `#[warn(future_incompatible)]`) on by default

note: verifying module runtime

tactus: dt-cert: lib.option.Option not serialized: rawvir-dt-poly
tactus: dt-cert: lib.set.Set not serialized: rawvir-dt-poly
tactus: dt-cert: lib.presentation.Presentation not serialized: rawvir-dt-struct
tactus: dt-cert: lib.presentation.Derivation not serialized: rawvir-dt-struct
tactus: dt-cert: lib.pred_presentation.PredPresentation not serialized: rawvir-dt-struct
tactus: dt-cert: lib.pred_presentation.PredDerivation not serialized: rawvir-dt-struct
tactus: dt-cert: lib.pred_hnn.PredHNNData not serialized: rawvir-dt-struct
tactus: dt-cert: lib.pred_amalgamated_free_product.PredAmalgamatedData not serialized: rawvir-dt-struct
tactus: dt-cert: lib.pred_homomorphism.PredHomomorphismData not serialized: rawvir-dt-struct
tactus: dt-cert: lib.benign.BenignWitness not serialized: rawvir-dt-struct
tactus: dt-cert: lib.hnn.HNNData not serialized: rawvir-dt-struct
tactus: dt-cert: lib.homomorphism.HomomorphismData not serialized: rawvir-dt-struct
tactus: dt-cert: lib.amalgamated_free_product.AmalgamatedData not serialized: rawvir-dt-struct
tactus: dt-cert: lib.todd_coxeter.CosetTable not serialized: rawvir-dt-struct
tactus: dt-cert: lib.todd_coxeter_rt.RuntimeCosetTable not serialized: rawvir-dt-struct
tactus: dt-cert: lib.runtime.RuntimeHomData not serialized: rawvir-dt-struct
tactus: dt-cert: lib.normal_form_afp_textbook.Syllable not serialized: rawvir-dt-struct
tactus: dt-cert: lib.pred_normal_form_afp_textbook.Syllable not serialized: rawvir-dt-struct
tactus: dt-cert: lib.machine_group.Quad not serialized: rawvir-dt-struct
tactus: dt-cert: lib.machine_group.ModMachine not serialized: rawvir-dt-struct
tactus: dt-cert: lib.machine_group.ConfigLetter not serialized: rawvir-dt-struct
tactus: dt-cert: lib.machine_group.CanonLetter not serialized: rawvir-dt-struct
tactus: dt-cert: lib.ii_subset.KPWord not serialized: rawvir-dt-struct
tactus: dt-cert: lib.thue.ThueRule not serialized: rawvir-dt-struct
tactus: def-cert: std_specs.vec.vec_clone_trigger not serialized: rawvir-def-poly
tactus: def-cert: array.array_view not serialized: rawvir-def-poly
tactus: def-cert: Vector.View.impl.view not serialized: rawvir-def-poly
tactus: def-cert: pervasive.cloned not serialized: rawvir-def-poly
tactus: def-cert: seq.Seq.last not serialized: rawvir-def-poly
tactus: def-cert: Seq.first not serialized: rawvir-def-poly
tactus: def-cert: Seq.contains not serialized: rawvir-def-poly
tactus: def-cert: Seq.drop_last not serialized: rawvir-def-poly
tactus: def-cert: Seq.drop_first not serialized: rawvir-def-poly
tactus: def-cert: Seq.no_duplicates not serialized: rawvir-def-poly
tactus: def-cert: set.Set.subset_of not serialized: rawvir-def-poly
tactus: def-cert: Vec.DeepView.impl.deep_view not serialized: rawvir-def-poly
tactus: def-cert: symbol.inverse_symbol not serialized: rawvir-ctor
tactus: def-cert: word.empty_word not serialized: rawvir-call-arity
tactus: def-cert: word.word_valid not serialized: rawvir-multi
tactus: def-cert: reduction.has_cancellation_at not serialized: rawvir-multi
tactus: def-cert: reduction.is_reduced not serialized: rawvir-unary-nonclip
tactus: def-cert: reduction.reduce_n_steps not serialized: rawvir-block
tactus: def-cert: presentation.presentation_valid not serialized: rawvir-withtriggers
tactus: def-cert: presentation.get_relator not serialized: rawvir-readplace-nonlocal
tactus: def-cert: presentation.apply_step not serialized: rawvir-multi
tactus: def-cert: presentation.derivation_produces not serialized: rawvir-ctor
tactus: def-cert: presentation.derivation_valid not serialized: rawvir-readplace-nonlocal
tactus: def-cert: presentation.invert_step_with_context not serialized: rawvir-ctor
tactus: def-cert: pred_presentation.pred_presentation_valid not serialized: rawvir-withtriggers
tactus: def-cert: pred_presentation.apply_step_pred not serialized: rawvir-call-nonfun
tactus: def-cert: pred_presentation.pred_derivation_produces not serialized: rawvir-ctor
tactus: def-cert: pred_presentation.pred_derivation_valid not serialized: rawvir-readplace-nonlocal
tactus: def-cert: pred_presentation.invert_step_with_context_pred not serialized: rawvir-ctor
tactus: def-cert: pred_presentation_lemmas.shift_step_pred not serialized: rawvir-ctor
tactus: def-cert: pred_hnn.stable_letter_pred not serialized: rawvir-ctor
tactus: def-cert: pred_hnn.stable_letter_inv_pred not serialized: rawvir-ctor
tactus: def-cert: pred_hnn.hnn_relator_pred not serialized: rawvir-block
tactus: def-cert: pred_hnn.hnn_extra_relator_pred not serialized: rawvir-multi
tactus: def-cert: pred_hnn.hnn_all_relator_pred not serialized: rawvir-call-nonfun
tactus: def-cert: pred_hnn.hnn_pred_presentation not serialized: rawvir-ctor
tactus: def-cert: pred_hnn.hnn_pred_data_valid not serialized: rawvir-readplace-nonlocal
tactus: def-cert: benign.apply_embedding not serialized: rawvir-call-arity
tactus: def-cert: pred_hnn.hnn_pred_associations_isomorphic not serialized: rawvir-block
tactus: def-cert: free_product.shift_symbol not serialized: rawvir-ctor
tactus: def-cert: free_product.shift_word not serialized: rawvir-closure
tactus: def-cert: pred_free_product.shifted_pred not serialized: typ-specfn
tactus: def-cert: pred_free_product.free_product_pred_relators not serialized: rawvir-call-nonfun
tactus: def-cert: pred_free_product.free_product_pred not serialized: rawvir-ctor
tactus: def-cert: pred_free_product.shift_derivation_step_pred not serialized: rawvir-ctor
tactus: def-cert: pred_amalgamated_free_product.added_relators_pred not serialized: rawvir-call-nonfun
tactus: def-cert: pred_amalgamated_free_product.add_relators_pred not serialized: rawvir-ctor
tactus: def-cert: pred_amalgamated_free_product.amalgamated_data_pred_valid not serialized: rawvir-readplace-nonlocal
tactus: def-cert: pred_amalgamated_free_product.amalgamation_relator_pred not serialized: rawvir-block
tactus: def-cert: pred_amalgamated_free_product.amalgamation_relators_pred not serialized: rawvir-closure
tactus: def-cert: pred_amalgamated_free_product.amalgamated_free_product_pred not serialized: rawvir-readplace-nonlocal
tactus: def-cert: pred_homomorphism.apply_hom_symbol_pred not serialized: rawvir-readplace-nonlocal
tactus: def-cert: pred_homomorphism.apply_hom_pred not serialized: rawvir-call-arity
tactus: def-cert: pred_homomorphism.is_valid_pred_homomorphism not serialized: rawvir-readplace-nonlocal
tactus: def-cert: pred_homomorphism.identity_hom_pred not serialized: rawvir-ctor
tactus: def-cert: pred_relabel.relabel_hom not serialized: rawvir-ctor
tactus: def-cert: pred_relabel.relabel_hom_inv not serialized: rawvir-ctor
tactus: def-cert: pred_normal_form_free_product.fp_left_retraction_pred not serialized: rawvir-block
tactus: def-cert: pred_normal_form_free_product.fp_right_retraction_pred not serialized: rawvir-block
tactus: def-cert: pred_normal_form_amalgamated.identifications_isomorphic_pred not serialized: rawvir-block
tactus: def-cert: benign.is_generator_or_inverse not serialized: rawvir-multi
tactus: def-cert: benign.factors_from_generators not serialized: rawvir-withtriggers
tactus: def-cert: benign.concat_all not serialized: rawvir-call-arity
tactus: def-cert: pred_normal_form_amalgamated.in_generated_subgroup_pred not serialized: rawvir-unary-nonclip
tactus: def-cert: pred_normal_form_amalgamated.in_left_subgroup_pred not serialized: rawvir-block
tactus: def-cert: pred_normal_form_amalgamated.in_right_subgroup_pred not serialized: rawvir-block
tactus: def-cert: presentation_lemmas.shift_step not serialized: rawvir-ctor
tactus: def-cert: presentation_lemmas.extends_presentation not serialized: rawvir-readplace-nonlocal
tactus: def-cert: presentation_lemmas.relators_included not serialized: rawvir-readplace-nonlocal
tactus: def-cert: presentation_lemmas.reindex_step not serialized: rawvir-arm-pat
tactus: def-cert: presentation_lemmas.reindex_steps not serialized: rawvir-closure
tactus: def-cert: quotient.add_relator not serialized: rawvir-ctor
tactus: def-cert: benign.in_generated_subgroup not serialized: rawvir-unary-nonclip
tactus: def-cert: benign.embedding_injective not serialized: rawvir-readplace-nonlocal
tactus: def-cert: benign.embedding_preserving not serialized: rawvir-readplace-nonlocal
tactus: def-cert: benign.benign_witness_valid not serialized: rawvir-readplace-nonlocal
tactus: def-cert: hnn.stable_letter not serialized: rawvir-ctor
tactus: def-cert: hnn.stable_letter_inv not serialized: rawvir-ctor
tactus: def-cert: hnn.hnn_relator not serialized: rawvir-block
tactus: def-cert: hnn.hnn_relators not serialized: rawvir-closure
tactus: def-cert: hnn.hnn_data_valid not serialized: rawvir-readplace-nonlocal
tactus: def-cert: hnn.hnn_associations_isomorphic not serialized: rawvir-block
tactus: def-cert: hnn.hnn_presentation not serialized: rawvir-ctor
tactus: def-cert: britton.stable_letter_count not serialized: rawvir-block
tactus: def-cert: britton.all_intermediates_base not serialized: rawvir-block
tactus: def-cert: free_product.shift_relators not serialized: rawvir-closure
tactus: def-cert: free_product.free_product not serialized: rawvir-ctor
tactus: def-cert: free_product.shift_derivation_step not serialized: rawvir-ctor
tactus: def-cert: homomorphism.apply_hom_symbol not serialized: rawvir-readplace-nonlocal
tactus: def-cert: homomorphism.is_valid_homomorphism not serialized: rawvir-readplace-nonlocal
tactus: def-cert: homomorphism.identity_hom not serialized: rawvir-ctor
tactus: def-cert: amalgamated_free_product.amalgamated_data_valid not serialized: rawvir-readplace-nonlocal
tactus: def-cert: amalgamated_free_product.amalgamation_relator not serialized: rawvir-block
tactus: def-cert: amalgamated_free_product.amalgamation_relators not serialized: rawvir-closure
tactus: def-cert: amalgamated_free_product.amalgamated_free_product not serialized: rawvir-readplace-nonlocal
tactus: def-cert: normal_form_free_product.fp_left_retraction not serialized: rawvir-block
tactus: def-cert: normal_form_free_product.fp_right_retraction not serialized: rawvir-block
tactus: def-cert: normal_form_amalgamated.identifications_isomorphic not serialized: rawvir-block
tactus: def-cert: normal_form_amalgamated.is_left_word not serialized: rawvir-multi
tactus: def-cert: normal_form_amalgamated.in_left_subgroup not serialized: rawvir-block
tactus: def-cert: normal_form_amalgamated.in_right_subgroup not serialized: rawvir-block
tactus: def-cert: normal_form_amalgamated.ct_lookup not serialized: rawvir-place
tactus: def-cert: normal_form_amalgamated.unshift_sym not serialized: rawvir-ctor
tactus: def-cert: normal_form_amalgamated.h_act_sym not serialized: typ-specfn
tactus: def-cert: normal_form_amalgamated.h_act_word not serialized: typ-specfn
tactus: def-cert: todd_coxeter.coset_table_wf not serialized: rawvir-block
tactus: def-cert: todd_coxeter.coset_table_consistent not serialized: rawvir-block
tactus: def-cert: finite.coset_table_complete not serialized: rawvir-multi
tactus: def-cert: todd_coxeter.relator_closed not serialized: rawvir-withtriggers
tactus: def-cert: coset_group.is_coset_rep_system not serialized: typ-specfn
tactus: def-cert: coset_group.schreier_gen_equiv not serialized: typ-specfn
tactus: def-cert: coset_group.schreier_trivial not serialized: typ-specfn
tactus: def-cert: coset_group.has_schreier_system not serialized: typ-specfn
tactus: def-cert: normal_form_amalgamated.valid_cayley not serialized: rawvir-readplace-nonlocal
tactus: def-cert: normal_form_amalgamated.valid_phi not serialized: typ-specfn
tactus: def-cert: normal_form_amalgamated.h_prereqs not serialized: typ-specfn
tactus: def-cert: abelianization.gen_word not serialized: rawvir-closure
tactus: def-cert: abelianization.generator_commutators not serialized: rawvir-call-arity
tactus: def-cert: abelianization.abelianization not serialized: rawvir-readplace-nonlocal
tactus: def-cert: concrete.generator_power not serialized: rawvir-call-arity
tactus: def-cert: concrete.cyclic_presentation not serialized: rawvir-ctor
tactus: def-cert: concrete.dihedral_presentation not serialized: rawvir-block
tactus: def-cert: concrete.free_presentation not serialized: rawvir-ctor
tactus: def-cert: finite.is_finite_of_order not serialized: rawvir-readplace-nonlocal
tactus: def-cert: finite.is_abelian_presentation not serialized: rawvir-readplace-nonlocal
tactus: def-cert: finite.is_cyclic_presentation not serialized: rawvir-readplace-nonlocal
tactus: def-cert: coset_group.coset_reachable not serialized: rawvir-ctor
tactus: def-cert: coset_group.coset_rep not serialized: rawvir-choose
tactus: def-cert: coset_group.coset_table_faithful not serialized: rawvir-readplace-nonlocal
tactus: def-cert: todd_coxeter_rt.UNDEF not serialized: rawvir-unaryopr
tactus: def-cert: todd_coxeter_rt.rt_to_spec_table not serialized: rawvir-ctor
tactus: def-cert: runtime.runtime_symbol_view not serialized: rawvir-ctor
tactus: def-cert: runtime.runtime_word_view not serialized: rawvir-closure
tactus: def-cert: todd_coxeter_rt.rt_presentation_view not serialized: rawvir-ctor
tactus: def-cert: todd_coxeter_rt.rt_consistent_at not serialized: rawvir-block
tactus: def-cert: runtime.runtime_hom_view not serialized: rawvir-ctor
tactus: def-cert: tower.tower_afp_data not serialized: rawvir-block
tactus: def-cert: tower.tower_presentation not serialized: rawvir-readplace-nonlocal
tactus: def-cert: tower.curry not serialized: typ-specfn
tactus: def-cert: tower.tower_h_prereqs_at not serialized: typ-specfn
tactus: def-cert: tower.tower_cayley_chain not serialized: typ-specfn
tactus: def-cert: normal_form_afp_textbook.k_size not serialized: rawvir-readplace-nonlocal
tactus: def-cert: normal_form_afp_textbook.has_left_coset_word_of_len not serialized: rawvir-readplace-nonlocal
tactus: def-cert: normal_form_afp_textbook.no_shorter_coset_word not serialized: rawvir-unary-nonclip
tactus: def-cert: normal_form_afp_textbook.left_min_coset_len not serialized: rawvir-choose
tactus: def-cert: normal_form_afp_textbook.lex_base not serialized: rawvir-readplace-nonlocal
tactus: def-cert: normal_form_afp_textbook.has_left_coset_word_of_len_rank not serialized: rawvir-readplace-nonlocal
tactus: def-cert: normal_form_afp_textbook.no_smaller_coset_lex not serialized: rawvir-unary-nonclip
tactus: def-cert: normal_form_afp_textbook.left_min_coset_lex not serialized: rawvir-block
tactus: def-cert: normal_form_afp_textbook.left_canonical_rep not serialized: rawvir-block
tactus: def-cert: normal_form_afp_textbook.a_words not serialized: rawvir-closure
tactus: def-cert: normal_form_afp_textbook.has_left_h_witness_of_len not serialized: rawvir-readplace-nonlocal
tactus: def-cert: normal_form_afp_textbook.no_pred_below not serialized: typ-specfn
tactus: def-cert: normal_form_afp_textbook.left_h_min_len not serialized: rawvir-block
tactus: def-cert: normal_form_afp_textbook.has_left_h_witness_of_len_rank not serialized: rawvir-readplace-nonlocal
tactus: def-cert: normal_form_afp_textbook.no_smaller_h_lex not serialized: rawvir-unary-nonclip
tactus: def-cert: normal_form_afp_textbook.left_h_min_lex not serialized: rawvir-block
tactus: def-cert: normal_form_afp_textbook.left_h_part not serialized: rawvir-block
tactus: def-cert: normal_form_afp_textbook.has_b_rcoset_word_of_len not serialized: rawvir-readplace-nonlocal
tactus: def-cert: normal_form_afp_textbook.no_shorter_b_rcoset_word not serialized: rawvir-unary-nonclip
tactus: def-cert: normal_form_afp_textbook.b_rcoset_min_len not serialized: rawvir-choose
tactus: def-cert: normal_form_afp_textbook.has_b_rcoset_word_of_len_rank not serialized: rawvir-readplace-nonlocal
tactus: def-cert: normal_form_afp_textbook.no_smaller_b_rcoset_lex not serialized: rawvir-unary-nonclip
tactus: def-cert: normal_form_afp_textbook.b_rcoset_min_lex not serialized: rawvir-block
tactus: def-cert: normal_form_afp_textbook.b_rcoset_rep not serialized: rawvir-block
tactus: def-cert: normal_form_afp_textbook.b_words not serialized: rawvir-closure
tactus: def-cert: normal_form_afp_textbook.has_right_h_witness_of_len not serialized: rawvir-readplace-nonlocal
tactus: def-cert: normal_form_afp_textbook.b_rcoset_h_min_len not serialized: rawvir-block
tactus: def-cert: normal_form_afp_textbook.has_right_h_witness_of_len_rank not serialized: rawvir-readplace-nonlocal
tactus: def-cert: normal_form_afp_textbook.no_smaller_h_lex_g2 not serialized: rawvir-unary-nonclip
tactus: def-cert: normal_form_afp_textbook.b_rcoset_h_min_lex not serialized: rawvir-block
tactus: def-cert: normal_form_afp_textbook.b_rcoset_h not serialized: rawvir-block
tactus: def-cert: normal_form_afp_textbook.has_a_rcoset_word_of_len not serialized: rawvir-readplace-nonlocal
tactus: def-cert: normal_form_afp_textbook.no_shorter_a_rcoset_word not serialized: rawvir-unary-nonclip
tactus: def-cert: normal_form_afp_textbook.a_rcoset_min_len not serialized: rawvir-choose
tactus: def-cert: normal_form_afp_textbook.has_a_rcoset_word_of_len_rank not serialized: rawvir-readplace-nonlocal
tactus: def-cert: normal_form_afp_textbook.no_smaller_a_rcoset_lex not serialized: rawvir-unary-nonclip
tactus: def-cert: normal_form_afp_textbook.a_rcoset_min_lex not serialized: rawvir-block
tactus: def-cert: normal_form_afp_textbook.a_rcoset_rep not serialized: rawvir-block
tactus: def-cert: normal_form_afp_textbook.is_canonical_state not serialized: rawvir-binaryopr
tactus: def-cert: normal_form_afp_textbook.a_rcoset_h_min_len not serialized: rawvir-block
tactus: def-cert: normal_form_afp_textbook.a_rcoset_h_min_lex not serialized: rawvir-block
tactus: def-cert: normal_form_afp_textbook.a_rcoset_h not serialized: rawvir-block
tactus: def-cert: normal_form_afp_textbook.act_left_sym not serialized: rawvir-block
tactus: def-cert: normal_form_afp_textbook.act_right_sym not serialized: rawvir-block
tactus: def-cert: normal_form_afp_textbook.act_sym not serialized: rawvir-block
tactus: def-cert: normal_form_afp_textbook.act_word not serialized: rawvir-ctor
tactus: def-cert: normal_form_afp_textbook.action_preserves_canonical not serialized: rawvir-block
tactus: def-cert: tower.tower_textbook_prereqs_at not serialized: rawvir-block
tactus: def-cert: tower.tower_textbook_chain not serialized: rawvir-unary-nonclip
tactus: def-cert: normal_form_afp_textbook.is_nat_min not serialized: typ-specfn
tactus: def-cert: normal_form_afp_textbook.g1_decompose_state not serialized: rawvir-block
tactus: def-cert: normal_form_afp_textbook.inverse_pair_word not serialized: rawvir-closure
tactus: def-cert: normal_form_afp_textbook.relator_acts_trivially not serialized: rawvir-ctor
tactus: def-cert: normal_form_afp_textbook.action_well_defined not serialized: rawvir-block
tactus: def-cert: normal_form_afp_textbook.g1_one_shot_action not serialized: rawvir-block
tactus: def-cert: normal_form_afp_textbook.g2_one_shot_action not serialized: rawvir-block
tactus: def-cert: normal_form_afp_textbook.reverse_invert_factors not serialized: rawvir-call-arity
tactus: def-cert: pred_normal_form_afp_textbook.a_words not serialized: rawvir-closure
tactus: def-cert: pred_normal_form_afp_textbook.b_words not serialized: rawvir-closure
tactus: def-cert: pred_normal_form_afp_textbook.k_size not serialized: rawvir-readplace-nonlocal
tactus: def-cert: pred_normal_form_afp_textbook.has_left_coset_word_of_len not serialized: rawvir-readplace-nonlocal
tactus: def-cert: pred_normal_form_afp_textbook.lex_base not serialized: rawvir-readplace-nonlocal
tactus: def-cert: pred_normal_form_afp_textbook.has_left_coset_word_of_len_rank not serialized: rawvir-readplace-nonlocal
tactus: def-cert: pred_normal_form_afp_textbook.no_shorter_coset_word not serialized: rawvir-unary-nonclip
tactus: def-cert: pred_normal_form_afp_textbook.left_min_coset_len not serialized: rawvir-choose
tactus: def-cert: pred_normal_form_afp_textbook.no_smaller_coset_lex not serialized: rawvir-unary-nonclip
tactus: def-cert: pred_normal_form_afp_textbook.left_min_coset_lex not serialized: rawvir-block
tactus: def-cert: pred_normal_form_afp_textbook.left_canonical_rep not serialized: rawvir-block
tactus: def-cert: pred_normal_form_afp_textbook.has_left_h_witness_of_len not serialized: rawvir-readplace-nonlocal
tactus: def-cert: pred_normal_form_afp_textbook.no_pred_below not serialized: typ-specfn
tactus: def-cert: pred_normal_form_afp_textbook.left_h_min_len not serialized: rawvir-block
tactus: def-cert: pred_normal_form_afp_textbook.has_left_h_witness_of_len_rank not serialized: rawvir-readplace-nonlocal
tactus: def-cert: pred_normal_form_afp_textbook.no_smaller_h_lex not serialized: rawvir-unary-nonclip
tactus: def-cert: pred_normal_form_afp_textbook.left_h_min_lex not serialized: rawvir-block
tactus: def-cert: pred_normal_form_afp_textbook.left_h_part not serialized: rawvir-block
tactus: def-cert: pred_normal_form_afp_textbook.has_right_h_witness_of_len not serialized: rawvir-readplace-nonlocal
tactus: def-cert: pred_normal_form_afp_textbook.has_a_rcoset_word_of_len not serialized: rawvir-readplace-nonlocal
tactus: def-cert: pred_normal_form_afp_textbook.no_shorter_a_rcoset_word not serialized: rawvir-unary-nonclip
tactus: def-cert: pred_normal_form_afp_textbook.a_rcoset_min_len not serialized: rawvir-choose
tactus: def-cert: pred_normal_form_afp_textbook.has_a_rcoset_word_of_len_rank not serialized: rawvir-readplace-nonlocal
tactus: def-cert: pred_normal_form_afp_textbook.no_smaller_a_rcoset_lex not serialized: rawvir-unary-nonclip
tactus: def-cert: pred_normal_form_afp_textbook.a_rcoset_min_lex not serialized: rawvir-block
tactus: def-cert: pred_normal_form_afp_textbook.a_rcoset_rep not serialized: rawvir-block
tactus: def-cert: pred_normal_form_afp_textbook.a_rcoset_h_min_len not serialized: rawvir-block
tactus: def-cert: pred_normal_form_afp_textbook.a_rcoset_h_min_lex not serialized: rawvir-block
tactus: def-cert: pred_normal_form_afp_textbook.a_rcoset_h not serialized: rawvir-block
tactus: def-cert: pred_normal_form_afp_textbook.has_b_rcoset_word_of_len not serialized: rawvir-readplace-nonlocal
tactus: def-cert: pred_normal_form_afp_textbook.no_shorter_b_rcoset_word not serialized: rawvir-unary-nonclip
tactus: def-cert: pred_normal_form_afp_textbook.b_rcoset_min_len not serialized: rawvir-choose
tactus: def-cert: pred_normal_form_afp_textbook.has_b_rcoset_word_of_len_rank not serialized: rawvir-readplace-nonlocal
tactus: def-cert: pred_normal_form_afp_textbook.no_smaller_b_rcoset_lex not serialized: rawvir-unary-nonclip
tactus: def-cert: pred_normal_form_afp_textbook.b_rcoset_min_lex not serialized: rawvir-block
tactus: def-cert: pred_normal_form_afp_textbook.b_rcoset_rep not serialized: rawvir-block
tactus: def-cert: pred_normal_form_afp_textbook.has_right_h_witness_of_len_rank not serialized: rawvir-readplace-nonlocal
tactus: def-cert: pred_normal_form_afp_textbook.no_smaller_h_lex_g2 not serialized: rawvir-unary-nonclip
tactus: def-cert: pred_normal_form_afp_textbook.b_rcoset_h_min_len not serialized: rawvir-block
tactus: def-cert: pred_normal_form_afp_textbook.b_rcoset_h_min_lex not serialized: rawvir-block
tactus: def-cert: pred_normal_form_afp_textbook.b_rcoset_h not serialized: rawvir-block
tactus: def-cert: pred_normal_form_afp_textbook.is_nat_min not serialized: typ-specfn
tactus: def-cert: pred_normal_form_afp_textbook.act_left_sym not serialized: rawvir-block
tactus: def-cert: pred_normal_form_afp_textbook.act_right_sym not serialized: rawvir-block
tactus: def-cert: pred_normal_form_afp_textbook.act_sym not serialized: rawvir-block
tactus: def-cert: pred_normal_form_afp_textbook.act_word not serialized: rawvir-ctor
tactus: def-cert: pred_normal_form_afp_textbook.g1_decompose_state not serialized: rawvir-block
tactus: def-cert: pred_normal_form_afp_textbook.inverse_pair_word not serialized: rawvir-closure
tactus: def-cert: pred_normal_form_afp_textbook.relator_acts_trivially not serialized: rawvir-ctor
tactus: def-cert: pred_normal_form_afp_textbook.is_canonical_state not serialized: rawvir-binaryopr
tactus: def-cert: pred_normal_form_afp_textbook.action_preserves_canonical not serialized: rawvir-block
tactus: def-cert: pred_normal_form_afp_textbook.action_well_defined not serialized: rawvir-block
tactus: def-cert: pred_normal_form_afp_textbook.g1_one_shot_action not serialized: rawvir-block
tactus: def-cert: pred_normal_form_afp_textbook.g2_one_shot_action not serialized: rawvir-block
tactus: def-cert: pred_normal_form_afp_textbook.reverse_invert_factors not serialized: rawvir-call-arity
tactus: def-cert: pred_tower.tower_afp_data not serialized: rawvir-block
tactus: def-cert: pred_tower.tower_presentation not serialized: rawvir-readplace-nonlocal
tactus: def-cert: pred_tower.tower_textbook_prereqs_at not serialized: rawvir-block
tactus: def-cert: pred_tower.tower_textbook_chain not serialized: rawvir-unary-nonclip
tactus: def-cert: britton_via_tower.is_stable not serialized: rawvir-block
tactus: def-cert: britton_via_tower.net_level not serialized: rawvir-block
tactus: def-cert: britton_via_tower.translate_word_at not serialized: rawvir-block
tactus: def-cert: britton_via_tower.shift_hom not serialized: rawvir-block
tactus: def-cert: britton_via_tower.step_position not serialized: ed-field-pat
tactus: def-cert: britton_via_tower.step_is_hnn_relator not serialized: rawvir-arm-pat
tactus: def-cert: britton_via_tower.step_level_ok not serialized: rawvir-block
tactus: def-cert: britton_via_tower.derivation_levels_ok not serialized: rawvir-block
tactus: def-cert: britton_via_tower.derivation_min_adj_level not serialized: rawvir-block
tactus: def-cert: britton_via_tower.derivation_max_step_level not serialized: rawvir-block
tactus: def-cert: britton_via_tower.right_syllable_count not serialized: rawvir-unary-nonclip
tactus: def-cert: britton_via_tower.has_stable_letter not serialized: rawvir-multi
tactus: def-cert: britton_via_tower.has_adjacent_opposite_at not serialized: rawvir-block
tactus: def-cert: britton_via_tower.has_pinch_at not serialized: rawvir-block
tactus: def-cert: britton_via_tower.left_syllable_count not serialized: rawvir-readplace-nonlocal
tactus: def-cert: britton_via_tower.max_prefix_level not serialized: rawvir-block
tactus: def-cert: britton_via_tower.textbook_g2_action not serialized: rawvir-block
tactus: def-cert: britton_via_tower.textbook_g1_action not serialized: rawvir-block
tactus: def-cert: britton_via_tower.textbook_psi_p not serialized: rawvir-block
tactus: def-cert: britton_via_tower.textbook_psi_p_inv not serialized: rawvir-block
tactus: def-cert: britton_via_tower.textbook_act_hnn not serialized: rawvir-ctor
tactus: def-cert: britton_via_tower.trailing_segment not serialized: rawvir-block
tactus: def-cert: britton_via_tower.leading_part not serialized: rawvir-block
tactus: def-cert: britton_via_tower.textbook_no_collapse not serialized: rawvir-block
tactus: def-cert: britton_via_tower.hnn_canonical_state not serialized: rawvir-block
tactus: def-cert: pred_britton_via_tower.is_stable not serialized: rawvir-block
tactus: def-cert: pred_britton_via_tower.net_level not serialized: rawvir-block
tactus: def-cert: pred_britton_via_tower.translate_word_at not serialized: rawvir-block
tactus: def-cert: pred_britton_via_tower.shift_hom not serialized: rawvir-block
tactus: def-cert: pred_britton_via_tower.step_position not serialized: ed-field-pat
tactus: def-cert: pred_britton_via_tower.step_is_hnn_relator not serialized: rawvir-arm-pat
tactus: def-cert: pred_britton_via_tower.step_level_ok not serialized: rawvir-block
tactus: def-cert: pred_britton_via_tower.derivation_levels_ok not serialized: rawvir-block
tactus: def-cert: pred_britton_via_tower.derivation_min_adj_level not serialized: rawvir-block
tactus: def-cert: pred_britton_via_tower.derivation_max_step_level not serialized: rawvir-block
tactus: def-cert: pred_britton_via_tower.right_syllable_count not serialized: rawvir-unary-nonclip
tactus: def-cert: pred_britton_via_tower.has_stable_letter not serialized: rawvir-multi
tactus: def-cert: pred_britton_via_tower.has_adjacent_opposite_at not serialized: rawvir-block
tactus: def-cert: pred_britton_via_tower.has_pinch_at not serialized: rawvir-block
tactus: def-cert: pred_britton_via_tower.left_syllable_count not serialized: rawvir-readplace-nonlocal
tactus: def-cert: pred_britton_via_tower.max_prefix_level not serialized: rawvir-block
tactus: def-cert: pred_britton_via_tower.textbook_g2_action not serialized: rawvir-block
tactus: def-cert: pred_britton_via_tower.textbook_g1_action not serialized: rawvir-block
tactus: def-cert: pred_britton_via_tower.textbook_psi_p not serialized: rawvir-block
tactus: def-cert: pred_britton_via_tower.textbook_psi_p_inv not serialized: rawvir-block
tactus: def-cert: pred_britton_via_tower.textbook_act_hnn not serialized: rawvir-ctor
tactus: def-cert: pred_britton_via_tower.trailing_segment not serialized: rawvir-block
tactus: def-cert: pred_britton_via_tower.leading_part not serialized: rawvir-block
tactus: def-cert: pred_britton_via_tower.textbook_no_collapse not serialized: rawvir-block
tactus: def-cert: pred_britton_via_tower.hnn_canonical_state not serialized: rawvir-block
tactus: def-cert: higman_operations.free_group not serialized: rawvir-ctor
tactus: def-cert: machine_group.symbol_power not serialized: rawvir-closure
tactus: def-cert: conj_free.conj_word not serialized: rawvir-ctor
tactus: def-cert: conj_free.conj_family not serialized: rawvir-closure
tactus: def-cert: conj_free_core.consec_b not serialized: rawvir-multi
tactus: def-cert: conj_free_core.bsep not serialized: rawvir-unary-nonclip
tactus: def-cert: conj_free_core.b_sym not serialized: rawvir-field-pat
tactus: def-cert: conj_free_core.phi_block not serialized: rawvir-ctor
tactus: def-cert: conj_free_b.swap_symbol not serialized: rawvir-ctor
tactus: def-cert: conj_free_b.swap_emb not serialized: rawvir-arrayliteral
tactus: def-cert: conj_free_b.conj_word_b not serialized: rawvir-ctor
tactus: def-cert: conj_free_b.conj_family_b not serialized: rawvir-closure
tactus: def-cert: tietze.remove_relator not serialized: rawvir-ctor
tactus: def-cert: tietze.add_generator_to_presentation not serialized: rawvir-block
tactus: def-cert: machine_group.base_A not serialized: rawvir-ctor
tactus: def-cert: machine_group.config_word not serialized: rawvir-ctor
tactus: def-cert: machine_group.quad_matches not serialized: rawvir-readplace-nonlocal
tactus: def-cert: machine_group.quad_step not serialized: rawvir-place
tactus: def-cert: machine_group.mm_terminal not serialized: rawvir-multi
tactus: def-cert: machine_group.mm_yields not serialized: rawvir-multi
tactus: def-cert: machine_group.quad_wf not serialized: rawvir-readplace-nonlocal
tactus: def-cert: machine_group.mod_machine_wf not serialized: rawvir-readplace-nonlocal
tactus: def-cert: machine_group.quad_associations not serialized: rawvir-place
tactus: def-cert: machine_group.b_m_upto not serialized: rawvir-call-arity
tactus: def-cert: machine_group.b_m not serialized: rawvir-readplace-nonlocal
tactus: def-cert: machine_group.g_m_associations not serialized: rawvir-closure
tactus: def-cert: machine_group.g_m not serialized: rawvir-ctor
tactus: def-cert: machine_group.k_gen not serialized: rawvir-ctor
tactus: def-cert: machine_group.k_commutes not serialized: rawvir-call-arity
tactus: def-cert: machine_group.w_mid_word not serialized: rawvir-ctor
tactus: def-cert: machine_group.config_target not serialized: rawvir-ctor
tactus: def-cert: machine_group.r_step_data not serialized: rawvir-ctor
tactus: def-cert: machine_group.l_step_data not serialized: rawvir-ctor
tactus: def-cert: machine_group.recompose_target not serialized: rawvir-ctor
tactus: def-cert: machine_group.g_subgens not serialized: rawvir-closure
tactus: def-cert: machine_group.is_h0_factor not serialized: rawvir-withtriggers
tactus: def-cert: machine_group.all_h0_factors not serialized: rawvir-multi
tactus: def-cert: machine_group.in_T not serialized: rawvir-unary-nonclip
tactus: def-cert: machine_group.inv_rev_factors not serialized: rawvir-call-arity
tactus: def-cert: machine_group.all_T_stable_factors not serialized: rawvir-multi
tactus: def-cert: machine_group.in_T_stable not serialized: rawvir-unary-nonclip
tactus: def-cert: machine_group.pres_t not serialized: rawvir-ctor
tactus: def-cert: machine_group.pres_xy not serialized: rawvir-ctor
tactus: def-cert: machine_group.sym_exp not serialized: rawvir-ctor
tactus: def-cert: machine_group.conj_images not serialized: rawvir-closure
tactus: def-cert: machine_group.signed_power not serialized: rawvir-ctor
tactus: def-cert: machine_group.is_xy_word not serialized: rawvir-multi
tactus: def-cert: machine_group.pres_tx not serialized: rawvir-ctor
tactus: def-cert: machine_group.a_as_hnn not serialized: rawvir-ctor
tactus: def-cert: machine_group.psi_images not serialized: rawvir-arrayliteral
tactus: def-cert: machine_group.f_as_hnn not serialized: rawvir-ctor
tactus: def-cert: machine_group.is_t_word not serialized: rawvir-multi
tactus: def-cert: machine_group.act_syls not serialized: rawvir-readplace-nonlocal
tactus: def-cert: machine_group.psi_F_images not serialized: rawvir-arrayliteral
tactus: def-cert: machine_group.x_exp_sum not serialized: rawvir-ctor
tactus: def-cert: machine_group.x_pow not serialized: rawvir-ctor
tactus: def-cert: machine_group.hnn_a_gens not serialized: rawvir-closure
tactus: def-cert: machine_group.hnn_b_gens not serialized: rawvir-closure
tactus: def-cert: machine_group.factors_to_word not serialized: rawvir-call-arity
tactus: def-cert: machine_group.top_step_data not serialized: rawvir-ctor
tactus: def-cert: machine_group.sconfig not serialized: rawvir-ctor
tactus: def-cert: machine_group.acc_gens not serialized: rawvir-arrayliteral
tactus: def-cert: machine_group.residue_config not serialized: rawvir-withtriggers
tactus: def-cert: machine_group.all_residue_configs not serialized: rawvir-multi
tactus: def-cert: machine_group.cl_eval not serialized: rawvir-readplace-nonlocal
tactus: def-cert: machine_group.cw_eval not serialized: rawvir-call-arity
tactus: def-cert: machine_group.cw_net_sign not serialized: rawvir-readplace-nonlocal
tactus: def-cert: machine_group.canl_eval not serialized: rawvir-readplace-nonlocal
tactus: def-cert: machine_group.canw_eval not serialized: rawvir-call-arity
tactus: def-cert: machine_group.canw_reduced not serialized: rawvir-multi
tactus: def-cert: machine_group.canw_net_e not serialized: rawvir-readplace-nonlocal
tactus: def-cert: machine_group.fl_comb_acc not serialized: rawvir-readplace-nonlocal
tactus: def-cert: machine_group.canw_all_s_zero not serialized: rawvir-multi
tactus: def-cert: machine_group.no_gen0 not serialized: rawvir-multi
tactus: def-cert: machine_group.yl_comb_acc not serialized: rawvir-readplace-nonlocal
tactus: def-cert: machine_group.hrun not serialized: rawvir-call-arity
tactus: def-cert: machine_group.zero_s not serialized: rawvir-closure
tactus: def-cert: machine_group.run_len not serialized: rawvir-readplace-nonlocal
tactus: def-cert: machine_group.word_power not serialized: rawvir-call-arity
tactus: def-cert: machine_group.factors_from_pred not serialized: typ-specfn
tactus: def-cert: machine_group.in_subgroup_pred not serialized: typ-specfn
tactus: def-cert: machine_group.is_tm_gen not serialized: rawvir-withtriggers
tactus: def-cert: machine_group.is_tmstable_gen not serialized: rawvir-withtriggers
tactus: def-cert: machine_group.tm_pred not serialized: typ-specfn
tactus: def-cert: machine_group.tmstable_pred not serialized: typ-specfn
tactus: def-cert: machine_group.in_TM not serialized: typ-specfn
tactus: def-cert: machine_group.in_TMstable not serialized: typ-specfn
tactus: def-cert: machine_group.config_word_signed not serialized: rawvir-ctor
tactus: def-cert: machine_group.is_residue_gen not serialized: rawvir-withtriggers
tactus: def-cert: machine_group.residue_pred not serialized: typ-specfn
tactus: def-cert: machine_group.in_residue_class not serialized: typ-specfn
tactus: def-cert: machine_group.kill_t_images not serialized: rawvir-arrayliteral
tactus: def-cert: ii_subset.kp_value not serialized: rawvir-readplace-nonlocal
tactus: def-cert: ii_subset.kp_pcount not serialized: rawvir-readplace-nonlocal
tactus: def-cert: ii_subset.is_kp_word not serialized: typ-specfn
tactus: def-cert: kp_pinch.kp_has_pinch_at not serialized: rawvir-readplace-nonlocal
tactus: def-cert: kp_pinch.kp_pinch_free not serialized: rawvir-unary-nonclip
tactus: def-cert: kp_pinch.kp_syllables_valid not serialized: rawvir-readplace-nonlocal
tactus: def-cert: kp_pinch.is_kp_factor not serialized: typ-specfn
tactus: def-cert: kp_pinch.all_kp_factors not serialized: typ-specfn
tactus: def-cert: kp_pinch.in_kp_subgroup not serialized: typ-specfn
tactus: def-cert: tower_peel.tmstable_pred_upto not serialized: typ-specfn
tactus: def-cert: tower_peel.in_TMstable_upto not serialized: typ-specfn
tactus: def-cert: tower_peel.in_TMstable_upto_pred not serialized: typ-specfn
tactus: def-cert: tower_peel.step_data not serialized: rawvir-ctor
tactus: def-cert: tower_peel.quad_data not serialized: rawvir-ctor
tactus: def-cert: tower_peel.prop_v_holds not serialized: rawvir-withtriggers
tactus: def-cert: config_reduce.cw_cons not serialized: rawvir-readplace-nonlocal
tactus: def-cert: config_reduce.cw_reduce not serialized: rawvir-call-arity
tactus: def-cert: config_reduce.coord_in not serialized: rawvir-multi
tactus: def-cert: config_reduce.canl_inv not serialized: rawvir-ctor
tactus: def-cert: config_reduce.revinv not serialized: rawvir-call-arity
tactus: def-cert: config_reduce.is_canl_word not serialized: rawvir-readplace-nonlocal
tactus: def-cert: config_reduce.canon_represents not serialized: rawvir-multi
tactus: def-cert: config_reduce.tm_factor_to_canl not serialized: rawvir-block
tactus: def-cert: config_reduce.res_factor_to_canl not serialized: rawvir-block
tactus: def-cert: prop_v.letter_to_U not serialized: rawvir-readplace-nonlocal
tactus: def-cert: prop_v.red_to_U not serialized: rawvir-call-arity
tactus: def-cert: prop_v.letter_to_U2 not serialized: rawvir-readplace-nonlocal
tactus: def-cert: prop_v.red_to_U2 not serialized: rawvir-call-arity
tactus: def-cert: prop_v.b_aa not serialized: rawvir-place
tactus: def-cert: prop_v.b_bb not serialized: rawvir-place
tactus: def-cert: prop_v.b_mr not serialized: rawvir-place
tactus: def-cert: prop_v.b_ms not serialized: rawvir-place
tactus: def-cert: prop_v.acc_factor_to_canl not serialized: rawvir-block
tactus: def-cert: word_numbering.alphabet_letter not serialized: rawvir-ctor
tactus: def-cert: word_numbering.bc_letter not serialized: rawvir-arrayliteral
tactus: def-cert: word_numbering.numbers_word not serialized: rawvir-multi
tactus: def-cert: word_numbering.w_c not serialized: rawvir-call-arity
tactus: def-cert: word_numbering.w_bc not serialized: rawvir-call-arity
tactus: def-cert: word_numbering_decode.in_c_block not serialized: rawvir-multi
tactus: def-cert: word_numbering_decode.c_alphabet_word not serialized: rawvir-multi
tactus: def-cert: h1.comm_relator not serialized: rawvir-arrayliteral
tactus: def-cert: h1.comm_relators not serialized: rawvir-closure
tactus: def-cert: h1.h1_base not serialized: rawvir-ctor
tactus: def-cert: h2.td_word not serialized: rawvir-arrayliteral
tactus: def-cert: h2.p_assoc not serialized: rawvir-ctor
tactus: def-cert: h2.h2_data not serialized: rawvir-ctor
tactus: def-cert: h3.assocs_valid not serialized: rawvir-withtriggers
tactus: def-cert: h3.phi_bblock not serialized: rawvir-closure
tactus: def-cert: h3.phi_assoc not serialized: rawvir-ctor
tactus: def-cert: h3.psi_ublock not serialized: rawvir-closure
tactus: def-cert: h3.psi_bcblock not serialized: rawvir-closure
tactus: def-cert: h3.psi_assoc not serialized: rawvir-block
tactus: def-cert: h3.h3_upto not serialized: rawvir-ctor
tactus: def-cert: h3.h3_pres not serialized: rawvir-ctor
tactus: def-cert: free_basis.kill_hom not serialized: rawvir-block
tactus: def-cert: free_basis.basis_elt not serialized: rawvir-block
tactus: def-cert: free_basis.comp_images not serialized: rawvir-closure
tactus: def-cert: free_basis.config_emb not serialized: rawvir-closure
tactus: def-cert: free_basis.sym_to_canl not serialized: rawvir-ctor
tactus: def-cert: free_basis.w_to_canon not serialized: rawvir-closure
tactus: def-cert: free_basis.alpha_index not serialized: rawvir-choose
tactus: def-cert: free_basis.canl_to_free not serialized: rawvir-readplace-nonlocal
tactus: def-cert: free_basis.canon_to_free not serialized: rawvir-call-arity
tactus: def-cert: free_basis.canl_in_alphas not serialized: rawvir-readplace-nonlocal
tactus: def-cert: free_basis.canon_in_alphas not serialized: rawvir-multi
tactus: def-cert: free_basis.basis_emb not serialized: rawvir-closure
tactus: def-cert: higman_consequences.conj_u not serialized: rawvir-ctor
tactus: def-cert: higman_consequences.w_a not serialized: rawvir-call-arity
tactus: def-cert: h3_ii.family_II_lhs not serialized: rawvir-block
tactus: def-cert: h3_ii.family_II_rhs not serialized: rawvir-block
tactus: def-cert: h3_ii.family_II not serialized: rawvir-closure
tactus: def-cert: h3_ii.phi_blocks not serialized: rawvir-call-arity
tactus: def-cert: h3_ii.h3_II_upto not serialized: rawvir-ctor
tactus: def-cert: h3_ii.h3_II not serialized: rawvir-ctor
tactus: def-cert: h3_ii.phi_l_data not serialized: rawvir-ctor
tactus: def-cert: h3_ii.family_II_assoc not serialized: rawvir-closure
tactus: def-cert: h3_ii.recog_data not serialized: rawvir-ctor
tactus: def-cert: h3_ii.compose_embeddings not serialized: rawvir-closure
tactus: def-cert: h3_ii.phi_l_subst not serialized: rawvir-closure
tactus: def-cert: f_free.free_stable_data not serialized: rawvir-ctor
tactus: def-cert: f_free.stable_emb not serialized: rawvir-ctor
tactus: def-cert: f_free.is_free_family not serialized: rawvir-multi
tactus: def-cert: f_free_tower.free_stable_letter not serialized: rawvir-ctor
tactus: def-cert: f_free_tower.tx_family not serialized: rawvir-arrayliteral
tactus: def-cert: f_free_h1.kill_c not serialized: rawvir-block
tactus: def-cert: f_free_h1.f_h1_family not serialized: rawvir-block
tactus: def-cert: higman_completeness.is_S_relator not serialized: rawvir-withtriggers
tactus: def-cert: higman_completeness.is_conj_S_factor not serialized: rawvir-withtriggers
tactus: def-cert: higman_completeness.all_conj_S_factors not serialized: rawvir-multi
tactus: def-cert: higman_completeness.in_C not serialized: rawvir-unary-nonclip
tactus: def-cert: f_free_a1.betas not serialized: rawvir-call-arity
tactus: def-cert: pa_data.pa_rhs not serialized: rawvir-ctor
tactus: def-cert: pa_data.pa_assoc not serialized: rawvir-closure
tactus: def-cert: pa_data.pa_data not serialized: rawvir-ctor
tactus: def-cert: free_family_perm.relabel_emb not serialized: rawvir-closure
tactus: def-cert: free_family_perm.permute_family not serialized: rawvir-closure
tactus: def-cert: free_family_perm.conjugate_family not serialized: rawvir-closure
tactus: def-cert: free_family_perm.transvect_emb not serialized: rawvir-closure
tactus: def-cert: phi_l_maps.a_words_F not serialized: rawvir-block
tactus: def-cert: phi_l_maps.pa_sigma not serialized: rawvir-closure
tactus: def-cert: phi_l_maps.pa_sigma_inv not serialized: rawvir-closure
tactus: def-cert: phi_l_maps.a_words not serialized: rawvir-ctor
tactus: def-cert: phi_l_lift.b_words not serialized: rawvir-closure
tactus: def-cert: phi_l_mapb.phi_l_src not serialized: rawvir-closure
tactus: def-cert: phi_l_mapb.txd_b_family not serialized: rawvir-closure
tactus: def-cert: phi_l_mapb.phi_F_family not serialized: rawvir-closure
tactus: def-cert: phi_l_mapb.sigma_betas not serialized: rawvir-closure
tactus: def-cert: r_prime.phi_prime not serialized: rawvir-closure
tactus: def-cert: r_prime.phi_canon_acc not serialized: rawvir-call-arity
tactus: def-cert: r_prime.phi_head not serialized: rawvir-block
tactus: def-cert: r_prime.kill_db not serialized: rawvir-ctor
tactus: def-cert: r_prime.bet_factor_to_canl not serialized: rawvir-block
tactus: def-cert: r_prime.kill_y not serialized: rawvir-ctor
tactus: def-cert: r_prime.cong_l not serialized: rawvir-unary-nonclip
tactus: def-cert: r_prime.sigma_backsat not serialized: rawvir-unary-nonclip
tactus: def-cert: r_prime_b.pa_rhs_emb not serialized: rawvir-closure
tactus: def-cert: r_prime_b.sigma_fwdsat not serialized: rawvir-multi
tactus: def-cert: r_prime_b.bet_pos not serialized: rawvir-choose
tactus: def-cert: r_prime_b.sigma_selector not serialized: rawvir-closure
tactus: def-cert: r_prime_b.coord_vals not serialized: rawvir-closure
tactus: def-cert: r_prime_b.coord_sel not serialized: rawvir-closure
tactus: def-cert: phi_l_iso_tower.sigma_sat_upto not serialized: rawvir-withtriggers
tactus: def-cert: sigma_orbit.digit_appends not serialized: rawvir-closure
tactus: def-cert: sigma_orbit.sigma_expand not serialized: rawvir-call-arity
tactus: def-cert: sigma_orbit.sigma_orbit not serialized: rawvir-block
tactus: def-cert: sigma_orbit.sigma_slice_ok not serialized: rawvir-withtriggers
tactus: def-cert: cohen_h2.c_symbol not serialized: rawvir-multi
tactus: def-cert: cohen_h2.is_c_word not serialized: rawvir-multi
tactus: def-cert: cohen_h2.s_relators_valid not serialized: typ-specfn
tactus: def-cert: cohen_h2.s_realizes not serialized: typ-specfn
tactus: def-cert: cohen_h2.h2_pred_relator not serialized: typ-specfn
tactus: def-cert: cohen_h2.h2_pred not serialized: typ-specfn
tactus: def-cert: cohen_retraction.no_c_word not serialized: rawvir-multi
tactus: def-cert: cohen_retraction.c_pred not serialized: typ-specfn
tactus: def-cert: cohen_retraction.c_retraction not serialized: typ-specfn
tactus: def-cert: cohen_h3.h3_pred_upto not serialized: typ-specfn
tactus: def-cert: cohen_h3.h3_pred_data not serialized: typ-specfn
tactus: def-cert: cohen_h3.h3_pred not serialized: typ-specfn
tactus: def-cert: cohen_cs4b.h2_noS_pred_relator not serialized: rawvir-block
tactus: def-cert: cohen_cs4b.h2_noS_pred not serialized: rawvir-ctor
tactus: def-cert: cohen_cs4b.s_strip not serialized: typ-specfn
tactus: def-cert: cohen_cs4b.step_relator not serialized: rawvir-arm-pat
tactus: def-cert: cohen_cs4b.is_relator_step not serialized: rawvir-arm-pat
tactus: def-cert: cohen_cs4b.step_relator_in not serialized: rawvir-unary-nonclip
tactus: def-cert: cohen_cs4c.normalize_alphas not serialized: rawvir-call-arity
tactus: def-cert: cohen_cs4d.bet_of not serialized: rawvir-call-arity
tactus: def-cert: cohen_cs4e.cs4_data not serialized: typ-specfn
tactus: def-cert: cohen_cs4e.cs4_levels_iso not serialized: typ-specfn
tactus: def-cert: cohen_cs5.comp_images_pred not serialized: rawvir-closure
tactus: def-cert: cohen_cs5.k_a_col not serialized: rawvir-closure
tactus: def-cert: cohen_cs5.k_b_col not serialized: rawvir-closure
tactus: def-cert: cohen_cs5.pred_step_of_finite not serialized: rawvir-ctor
tactus: def-cert: cohen_cs5.conv_steps not serialized: rawvir-closure
tactus: def-cert: cohen_cs5.family_II_bc_rhs not serialized: rawvir-block
tactus: def-cert: cohen_cs5_recog.comp_emb not serialized: rawvir-closure
tactus: def-cert: cohen_cs5_recog.base_A_plus_base not serialized: rawvir-block
tactus: def-cert: cohen_cs5_recog.a_col_machine not serialized: rawvir-block
tactus: def-cert: cohen_cs5_recog.b_col_machine not serialized: rawvir-block
tactus: def-cert: cohen_cs5_recog.relabel_col not serialized: rawvir-block
tactus: def-cert: cohen_cs5_recog.base_retraction not serialized: rawvir-block
tactus: def-cert: cohen_cs5_recog.assoc_rhs_machine not serialized: rawvir-block
tactus: def-cert: cohen_cs5_recog.base_A_plus_assoc not serialized: rawvir-closure
tactus: def-cert: cohen_cs5_recog.base_A_plus_data not serialized: rawvir-ctor
tactus: def-cert: cohen_cs5_recog.db_projection not serialized: rawvir-block
tactus: def-cert: cohen_cs5_recog.ublock_db_gens not serialized: rawvir-block
tactus: def-cert: cohen_cs5_recog.h0_filter not serialized: rawvir-call-arity
tactus: def-cert: cohen_cs5_recog.assoc_rhs_emb not serialized: rawvir-closure
tactus: def-cert: cohen_cs5_recog.gm_incl_bp not serialized: rawvir-block
tactus: def-cert: cohen_cs5_recog.slice_pos not serialized: rawvir-choose
tactus: def-cert: cohen_cs5_recog.h0_sel not serialized: rawvir-closure
tactus: def-cert: cohen_cs5_recog.seg_stable not serialized: rawvir-block
tactus: def-cert: cohen_cs5_recog.seg_inv not serialized: rawvir-multi
tactus: def-cert: cohen_bridge.is_S_canonical not serialized: typ-specfn
tactus: def-cert: cohen_layer05_probe.assoc_col0 not serialized: rawvir-closure
tactus: def-cert: cohen_layer05_probe.assoc_col1 not serialized: rawvir-closure
tactus: def-cert: cohen_layer05_probe.c0_slice not serialized: rawvir-ctor
tactus: def-cert: cohen_layer05_probe.a_basis_elt not serialized: rawvir-ctor
tactus: def-cert: cohen_layer05_probe.b_basis_elt not serialized: rawvir-ctor
tactus: def-cert: cohen_layer05_probe.miller_a_col not serialized: rawvir-closure
tactus: def-cert: cohen_layer05_probe.miller_b_col not serialized: rawvir-closure
tactus: def-cert: cohen_layer05_probe.miller_data not serialized: rawvir-ctor
tactus: def-cert: cohen_layer05.acol_elt not serialized: rawvir-ctor
tactus: def-cert: cohen_layer05.bcol_elt not serialized: rawvir-ctor
tactus: def-cert: cohen_layer05.a_col not serialized: rawvir-closure
tactus: def-cert: cohen_layer05.b_col not serialized: rawvir-closure
tactus: def-cert: cohen_layer05.rho_imgs not serialized: rawvir-arrayliteral
tactus: def-cert: cohen_layer05.rho not serialized: rawvir-ctor
tactus: def-cert: cohen_layer05.miller_data not serialized: rawvir-ctor
tactus: def-cert: cohen_layer05.decls_family_valid not serialized: typ-specfn
tactus: def-cert: cohen_layer05.equiv_in_c0_limit not serialized: typ-specfn
tactus: def-cert: cohen_layer05.equiv_in_g_limit not serialized: typ-specfn
tactus: def-cert: miller_collapse.b_sub not serialized: rawvir-arrayliteral
tactus: def-cert: miller_collapse.binv_sub not serialized: rawvir-arrayliteral
tactus: def-cert: miller_collapse.miller_collapse_word not serialized: rawvir-block
tactus: def-cert: miller_collapse.miller_collapse_emb not serialized: rawvir-arrayliteral
tactus: def-cert: miller_collapse_assoc.conj_t not serialized: rawvir-ctor
tactus: def-cert: miller_collapse_preserve.dbar not serialized: rawvir-closure
tactus: def-cert: miller_collapse_preserve.k_m not serialized: rawvir-ctor
tactus: def-cert: miller_collapse_preserve.collapse_hom not serialized: rawvir-ctor
tactus: def-cert: miller_collapse_inject.beta_emb not serialized: rawvir-closure
tactus: def-cert: miller_collapse_inject.section_imgs not serialized: rawvir-arrayliteral
tactus: def-cert: miller_collapse_inject.section_hom not serialized: rawvir-ctor
tactus: def-cert: miller_collapse_limit.dbar_union_pred not serialized: typ-specfn
tactus: def-cert: miller_collapse_limit.p_infty not serialized: typ-specfn
tactus: def-cert: miller_collapse_limit.p_le not serialized: typ-specfn
tactus: def-cert: miller_collapse_limit.dbar_family_monotone not serialized: typ-specfn
tactus: def-cert: miller_collapse_limit.step_nonempty not serialized: rawvir-arm-pat
tactus: def-cert: miller_collapse_limit.derivation_nonempty not serialized: rawvir-multi
tactus: def-cert: miller_collapse_limit.strip_empty_steps not serialized: rawvir-call-arity
tactus: def-cert: miller_collapse_limit.fin_to_pred_step not serialized: rawvir-ctor
tactus: def-cert: miller_collapse_limit.map_steps not serialized: rawvir-call-arity
tactus: def-cert: carrier_not_fp.relators_trivial_upto not serialized: typ-specfn
tactus: def-cert: carrier_not_fp.slice_escaped not serialized: typ-specfn
tactus: def-cert: carrier_not_fp.limit_escapes_every_slice not serialized: typ-specfn
tactus: def-cert: m0_token.tok_relators not serialized: rawvir-arrayliteral
tactus: def-cert: m0_token.token_pres not serialized: rawvir-ctor
tactus: def-cert: m0_token.psi_images not serialized: rawvir-arrayliteral
tactus: def-cert: m0_token.psi_hom not serialized: rawvir-ctor
tactus: def-cert: m0_token.phi_images not serialized: rawvir-arrayliteral
tactus: def-cert: m0_token.phi_hom not serialized: rawvir-ctor
tactus: def-cert: thue.thue_relator not serialized: rawvir-readplace-nonlocal
tactus: def-cert: thue.rules_pres not serialized: rawvir-ctor
tactus: def-cert: thue.symbol_is_gen not serialized: rawvir-field-pat
tactus: def-cert: thue.thue_step_at not serialized: rawvir-block
tactus: def-cert: thue.thue_step not serialized: rawvir-multi
tactus: def-cert: thue.positivity not serialized: rawvir-withtriggers
tactus: def-cert: thue.prepend_all not serialized: rawvir-closure
tactus: def-cert: m1_guard.m1_rules not serialized: rawvir-ctor
tactus: def-cert: m1_guard.delete_x not serialized: rawvir-call-arity
tactus: def-cert: m1_guard.kill_hom not serialized: rawvir-ctor
tactus: def-cert: m1_guard.lead not serialized: rawvir-ctor
tactus: def-cert: m2_translate.m2_rules not serialized: rawvir-ctor
tactus: def-cert: m2_translate.sub_hom not serialized: rawvir-ctor
tactus: def-cert: m2_translate.no_bq not serialized: rawvir-unary-nonclip
tactus: def-cert: m2_translate.count_gen not serialized: rawvir-ctor
tactus: def-cert: m2_translate.m2_step_word not serialized: rawvir-arrayliteral
tactus: def-cert: m2_translate.sub_img not serialized: rawvir-ctor
tactus: def-cert: m3_blinker.m3_rules not serialized: rawvir-arrayliteral
tactus: def-cert: m3_blinker.m3_data not serialized: rawvir-ctor
tactus: def-cert: m3_blinker.sub_hom not serialized: rawvir-ctor
tactus: def-cert: m3_blinker.swap_hom not serialized: rawvir-ctor
tactus: def-cert: m3_blinker.no_sym not serialized: rawvir-unary-nonclip
tactus: def-cert: m3_blinker.has_gen2 not serialized: rawvir-ctor
tactus: def-cert: m3_blinker.m3_afp not serialized: rawvir-call-arity
tactus: def-cert: m3_blinker.head_decomp_ok not serialized: rawvir-unary-nonclip
tactus: def-cert: m3_blinker.nf_gap not serialized: rawvir-ctor
tactus: def-cert: m3_blinker.gap_word not serialized: rawvir-call-arity
tactus: def-cert: m3_blinker.gap_syls not serialized: rawvir-closure
tactus: def-cert: m3_blinker.ffnf not serialized: rawvir-call-arity
tactus: def-cert: m3_blinker.no_bq not serialized: rawvir-unary-nonclip
tactus: def-cert: m3_blinker.base_run not serialized: rawvir-ctor
tactus: def-cert: m3_blinker.drop_base_run not serialized: rawvir-ctor
tactus: def-cert: m3_blinker.split_q not serialized: rawvir-unary-nonclip
tactus: def-cert: m3_blinker.no_qa not serialized: rawvir-unary-nonclip
tactus: def-cert: m3_blinker.no_qpa not serialized: rawvir-unary-nonclip
tactus: def-cert: m3_blinker.no_qaa not serialized: rawvir-unary-nonclip
tactus: def-cert: m3_blinker.no_sub3 not serialized: rawvir-unary-nonclip
tactus: def-cert: m3_blinker.sub_alpha not serialized: rawvir-multi
tactus: def-cert: m3_blinker.num_a not serialized: rawvir-ctor
tactus: def-cert: m3_blinker.is_redex_at not serialized: rawvir-multi
tactus: def-cert: m3_blinker.fire_repl not serialized: rawvir-ctor
tactus: def-cert: m4_defect_flow.m4_rules not serialized: rawvir-arrayliteral
tactus: def-cert: m4_defect_flow.m4_data not serialized: rawvir-ctor
tactus: def-cert: m4_defect_flow.sub_hom not serialized: rawvir-ctor
tactus: def-cert: m4_defect_flow.swap_hom not serialized: rawvir-ctor
tactus: def-cert: m4_defect_flow.abpow not serialized: rawvir-call-arity
tactus: def-cert: m4_defect_flow.bapow not serialized: rawvir-call-arity
tactus: dt-cert: lib.option.Option not serialized: rawvir-dt-poly
tactus: dt-cert: lib.set.Set not serialized: rawvir-dt-poly
tactus: dt-cert: lib.presentation.Presentation not serialized: rawvir-dt-struct
tactus: dt-cert: lib.presentation.Derivation not serialized: rawvir-dt-struct
tactus: dt-cert: lib.pred_presentation.PredPresentation not serialized: rawvir-dt-struct
tactus: dt-cert: lib.pred_presentation.PredDerivation not serialized: rawvir-dt-struct
tactus: dt-cert: lib.pred_hnn.PredHNNData not serialized: rawvir-dt-struct
tactus: dt-cert: lib.pred_amalgamated_free_product.PredAmalgamatedData not serialized: rawvir-dt-struct
tactus: dt-cert: lib.pred_homomorphism.PredHomomorphismData not serialized: rawvir-dt-struct
tactus: dt-cert: lib.benign.BenignWitness not serialized: rawvir-dt-struct
tactus: dt-cert: lib.hnn.HNNData not serialized: rawvir-dt-struct
tactus: dt-cert: lib.homomorphism.HomomorphismData not serialized: rawvir-dt-struct
tactus: dt-cert: lib.amalgamated_free_product.AmalgamatedData not serialized: rawvir-dt-struct
tactus: dt-cert: lib.todd_coxeter.CosetTable not serialized: rawvir-dt-struct
tactus: dt-cert: lib.todd_coxeter_rt.RuntimeCosetTable not serialized: rawvir-dt-struct
tactus: dt-cert: lib.normal_form_afp_textbook.Syllable not serialized: rawvir-dt-struct
tactus: dt-cert: lib.pred_normal_form_afp_textbook.Syllable not serialized: rawvir-dt-struct
tactus: dt-cert: lib.machine_group.Quad not serialized: rawvir-dt-struct
tactus: dt-cert: lib.machine_group.ModMachine not serialized: rawvir-dt-struct
tactus: dt-cert: lib.machine_group.ConfigLetter not serialized: rawvir-dt-struct
tactus: dt-cert: lib.machine_group.CanonLetter not serialized: rawvir-dt-struct
tactus: dt-cert: lib.ii_subset.KPWord not serialized: rawvir-dt-struct
tactus: dt-cert: lib.thue.ThueRule not serialized: rawvir-dt-struct
tactus: def-cert: std_specs.vec.vec_clone_trigger not serialized: rawvir-def-poly
tactus: def-cert: array.array_view not serialized: rawvir-def-poly
tactus: def-cert: Vector.View.impl.view not serialized: rawvir-def-poly
tactus: def-cert: seq.Seq.last not serialized: rawvir-def-poly
tactus: def-cert: Seq.first not serialized: rawvir-def-poly
tactus: def-cert: Seq.contains not serialized: rawvir-def-poly
tactus: def-cert: Seq.drop_last not serialized: rawvir-def-poly
tactus: def-cert: Seq.drop_first not serialized: rawvir-def-poly
tactus: def-cert: Seq.no_duplicates not serialized: rawvir-def-poly
tactus: def-cert: set.Set.subset_of not serialized: rawvir-def-poly
tactus: def-cert: Vec.DeepView.impl.deep_view not serialized: rawvir-def-poly
tactus: def-cert: symbol.inverse_symbol not serialized: rawvir-ctor
tactus: def-cert: word.empty_word not serialized: rawvir-call-arity
tactus: def-cert: word.word_valid not serialized: rawvir-multi
tactus: def-cert: reduction.has_cancellation_at not serialized: rawvir-multi
tactus: def-cert: reduction.is_reduced not serialized: rawvir-unary-nonclip
tactus: def-cert: reduction.reduce_n_steps not serialized: rawvir-block
tactus: def-cert: presentation.presentation_valid not serialized: rawvir-withtriggers
tactus: def-cert: presentation.get_relator not serialized: rawvir-readplace-nonlocal
tactus: def-cert: presentation.apply_step not serialized: rawvir-multi
tactus: def-cert: presentation.derivation_produces not serialized: rawvir-ctor
tactus: def-cert: presentation.derivation_valid not serialized: rawvir-readplace-nonlocal
tactus: def-cert: presentation.invert_step_with_context not serialized: rawvir-ctor
tactus: def-cert: pred_presentation.pred_presentation_valid not serialized: rawvir-withtriggers
tactus: def-cert: pred_presentation.apply_step_pred not serialized: rawvir-call-nonfun
tactus: def-cert: pred_presentation.pred_derivation_produces not serialized: rawvir-ctor
tactus: def-cert: pred_presentation.pred_derivation_valid not serialized: rawvir-readplace-nonlocal
tactus: def-cert: pred_presentation.invert_step_with_context_pred not serialized: rawvir-ctor
tactus: def-cert: pred_presentation_lemmas.shift_step_pred not serialized: rawvir-ctor
tactus: def-cert: pred_hnn.stable_letter_pred not serialized: rawvir-ctor
tactus: def-cert: pred_hnn.stable_letter_inv_pred not serialized: rawvir-ctor
tactus: def-cert: pred_hnn.hnn_relator_pred not serialized: rawvir-block
tactus: def-cert: pred_hnn.hnn_extra_relator_pred not serialized: rawvir-multi
tactus: def-cert: pred_hnn.hnn_all_relator_pred not serialized: rawvir-call-nonfun
tactus: def-cert: pred_hnn.hnn_pred_presentation not serialized: rawvir-ctor
tactus: def-cert: pred_hnn.hnn_pred_data_valid not serialized: rawvir-readplace-nonlocal
tactus: def-cert: benign.apply_embedding not serialized: rawvir-call-arity
tactus: def-cert: pred_hnn.hnn_pred_associations_isomorphic not serialized: rawvir-block
tactus: def-cert: free_product.shift_symbol not serialized: rawvir-ctor
tactus: def-cert: free_product.shift_word not serialized: rawvir-closure
tactus: def-cert: pred_free_product.shifted_pred not serialized: typ-specfn
tactus: def-cert: pred_free_product.free_product_pred_relators not serialized: rawvir-call-nonfun
tactus: def-cert: pred_free_product.free_product_pred not serialized: rawvir-ctor
tactus: def-cert: pred_free_product.shift_derivation_step_pred not serialized: rawvir-ctor
tactus: def-cert: pred_amalgamated_free_product.added_relators_pred not serialized: rawvir-call-nonfun
tactus: def-cert: pred_amalgamated_free_product.add_relators_pred not serialized: rawvir-ctor
tactus: def-cert: pred_amalgamated_free_product.amalgamated_data_pred_valid not serialized: rawvir-readplace-nonlocal
tactus: def-cert: pred_amalgamated_free_product.amalgamation_relator_pred not serialized: rawvir-block
tactus: def-cert: pred_amalgamated_free_product.amalgamation_relators_pred not serialized: rawvir-closure
tactus: def-cert: pred_amalgamated_free_product.amalgamated_free_product_pred not serialized: rawvir-readplace-nonlocal
tactus: def-cert: pred_homomorphism.apply_hom_symbol_pred not serialized: rawvir-readplace-nonlocal
tactus: def-cert: pred_homomorphism.apply_hom_pred not serialized: rawvir-call-arity
tactus: def-cert: pred_homomorphism.is_valid_pred_homomorphism not serialized: rawvir-readplace-nonlocal
tactus: def-cert: pred_homomorphism.identity_hom_pred not serialized: rawvir-ctor
tactus: def-cert: pred_relabel.relabel_hom not serialized: rawvir-ctor
tactus: def-cert: pred_relabel.relabel_hom_inv not serialized: rawvir-ctor
tactus: def-cert: pred_normal_form_free_product.fp_left_retraction_pred not serialized: rawvir-block
tactus: def-cert: pred_normal_form_free_product.fp_right_retraction_pred not serialized: rawvir-block
tactus: def-cert: pred_normal_form_amalgamated.identifications_isomorphic_pred not serialized: rawvir-block
tactus: def-cert: benign.is_generator_or_inverse not serialized: rawvir-multi
tactus: def-cert: benign.factors_from_generators not serialized: rawvir-withtriggers
tactus: def-cert: benign.concat_all not serialized: rawvir-call-arity
tactus: def-cert: pred_normal_form_amalgamated.in_generated_subgroup_pred not serialized: rawvir-unary-nonclip
tactus: def-cert: pred_normal_form_amalgamated.in_left_subgroup_pred not serialized: rawvir-block
tactus: def-cert: pred_normal_form_amalgamated.in_right_subgroup_pred not serialized: rawvir-block
tactus: def-cert: presentation_lemmas.shift_step not serialized: rawvir-ctor
tactus: def-cert: presentation_lemmas.extends_presentation not serialized: rawvir-readplace-nonlocal
tactus: def-cert: presentation_lemmas.relators_included not serialized: rawvir-readplace-nonlocal
tactus: def-cert: presentation_lemmas.reindex_step not serialized: rawvir-arm-pat
tactus: def-cert: presentation_lemmas.reindex_steps not serialized: rawvir-closure
tactus: def-cert: quotient.add_relator not serialized: rawvir-ctor
tactus: def-cert: benign.in_generated_subgroup not serialized: rawvir-unary-nonclip
tactus: def-cert: benign.embedding_injective not serialized: rawvir-readplace-nonlocal
tactus: def-cert: benign.embedding_preserving not serialized: rawvir-readplace-nonlocal
tactus: def-cert: benign.benign_witness_valid not serialized: rawvir-readplace-nonlocal
tactus: def-cert: hnn.stable_letter not serialized: rawvir-ctor
tactus: def-cert: hnn.stable_letter_inv not serialized: rawvir-ctor
tactus: def-cert: hnn.hnn_relator not serialized: rawvir-block
tactus: def-cert: hnn.hnn_relators not serialized: rawvir-closure
tactus: def-cert: hnn.hnn_data_valid not serialized: rawvir-readplace-nonlocal
tactus: def-cert: hnn.hnn_associations_isomorphic not serialized: rawvir-block
tactus: def-cert: hnn.hnn_presentation not serialized: rawvir-ctor
tactus: def-cert: britton.stable_letter_count not serialized: rawvir-block
tactus: def-cert: britton.all_intermediates_base not serialized: rawvir-block
tactus: def-cert: free_product.shift_relators not serialized: rawvir-closure
tactus: def-cert: free_product.free_product not serialized: rawvir-ctor
tactus: def-cert: free_product.shift_derivation_step not serialized: rawvir-ctor
tactus: def-cert: homomorphism.apply_hom_symbol not serialized: rawvir-readplace-nonlocal
tactus: def-cert: homomorphism.is_valid_homomorphism not serialized: rawvir-readplace-nonlocal
tactus: def-cert: homomorphism.identity_hom not serialized: rawvir-ctor
tactus: def-cert: amalgamated_free_product.amalgamated_data_valid not serialized: rawvir-readplace-nonlocal
tactus: def-cert: amalgamated_free_product.amalgamation_relator not serialized: rawvir-block
tactus: def-cert: amalgamated_free_product.amalgamation_relators not serialized: rawvir-closure
tactus: def-cert: amalgamated_free_product.amalgamated_free_product not serialized: rawvir-readplace-nonlocal
tactus: def-cert: normal_form_free_product.fp_left_retraction not serialized: rawvir-block
tactus: def-cert: normal_form_free_product.fp_right_retraction not serialized: rawvir-block
tactus: def-cert: normal_form_amalgamated.identifications_isomorphic not serialized: rawvir-block
tactus: def-cert: normal_form_amalgamated.is_left_word not serialized: rawvir-multi
tactus: def-cert: normal_form_amalgamated.in_left_subgroup not serialized: rawvir-block
tactus: def-cert: normal_form_amalgamated.in_right_subgroup not serialized: rawvir-block
tactus: def-cert: normal_form_amalgamated.ct_lookup not serialized: rawvir-place
tactus: def-cert: normal_form_amalgamated.unshift_sym not serialized: rawvir-ctor
tactus: def-cert: normal_form_amalgamated.h_act_sym not serialized: typ-specfn
tactus: def-cert: normal_form_amalgamated.h_act_word not serialized: typ-specfn
tactus: def-cert: todd_coxeter.coset_table_wf not serialized: rawvir-block
tactus: def-cert: todd_coxeter.coset_table_consistent not serialized: rawvir-block
tactus: def-cert: finite.coset_table_complete not serialized: rawvir-multi
tactus: def-cert: todd_coxeter.relator_closed not serialized: rawvir-withtriggers
tactus: def-cert: coset_group.is_coset_rep_system not serialized: typ-specfn
tactus: def-cert: coset_group.schreier_gen_equiv not serialized: typ-specfn
tactus: def-cert: coset_group.schreier_trivial not serialized: typ-specfn
tactus: def-cert: coset_group.has_schreier_system not serialized: typ-specfn
tactus: def-cert: normal_form_amalgamated.valid_cayley not serialized: rawvir-readplace-nonlocal
tactus: def-cert: normal_form_amalgamated.valid_phi not serialized: typ-specfn
tactus: def-cert: normal_form_amalgamated.h_prereqs not serialized: typ-specfn
tactus: def-cert: abelianization.gen_word not serialized: rawvir-closure
tactus: def-cert: abelianization.generator_commutators not serialized: rawvir-call-arity
tactus: def-cert: abelianization.abelianization not serialized: rawvir-readplace-nonlocal
tactus: def-cert: concrete.generator_power not serialized: rawvir-call-arity
tactus: def-cert: concrete.cyclic_presentation not serialized: rawvir-ctor
tactus: def-cert: concrete.dihedral_presentation not serialized: rawvir-block
tactus: def-cert: concrete.free_presentation not serialized: rawvir-ctor
tactus: def-cert: finite.is_finite_of_order not serialized: rawvir-readplace-nonlocal
tactus: def-cert: finite.is_abelian_presentation not serialized: rawvir-readplace-nonlocal
tactus: def-cert: finite.is_cyclic_presentation not serialized: rawvir-readplace-nonlocal
tactus: def-cert: coset_group.coset_reachable not serialized: rawvir-ctor
tactus: def-cert: coset_group.coset_rep not serialized: rawvir-choose
tactus: def-cert: coset_group.coset_table_faithful not serialized: rawvir-readplace-nonlocal
tactus: def-cert: todd_coxeter_rt.UNDEF not serialized: rawvir-unaryopr
tactus: def-cert: todd_coxeter_rt.rt_to_spec_table not serialized: rawvir-ctor
tactus: def-cert: todd_coxeter_rt.rt_consistent_at not serialized: rawvir-block
tactus: def-cert: runtime.runtime_symbol_view not serialized: rawvir-ctor
tactus: def-cert: runtime.runtime_word_view not serialized: rawvir-closure
tactus: def-cert: tower.tower_afp_data not serialized: rawvir-block
tactus: def-cert: tower.tower_presentation not serialized: rawvir-readplace-nonlocal
tactus: def-cert: tower.curry not serialized: typ-specfn
tactus: def-cert: tower.tower_h_prereqs_at not serialized: typ-specfn
tactus: def-cert: tower.tower_cayley_chain not serialized: typ-specfn
tactus: def-cert: normal_form_afp_textbook.k_size not serialized: rawvir-readplace-nonlocal
tactus: def-cert: normal_form_afp_textbook.has_left_coset_word_of_len not serialized: rawvir-readplace-nonlocal
tactus: def-cert: normal_form_afp_textbook.no_shorter_coset_word not serialized: rawvir-unary-nonclip
tactus: def-cert: normal_form_afp_textbook.left_min_coset_len not serialized: rawvir-choose
tactus: def-cert: normal_form_afp_textbook.lex_base not serialized: rawvir-readplace-nonlocal
tactus: def-cert: normal_form_afp_textbook.has_left_coset_word_of_len_rank not serialized: rawvir-readplace-nonlocal
tactus: def-cert: normal_form_afp_textbook.no_smaller_coset_lex not serialized: rawvir-unary-nonclip
tactus: def-cert: normal_form_afp_textbook.left_min_coset_lex not serialized: rawvir-block
tactus: def-cert: normal_form_afp_textbook.left_canonical_rep not serialized: rawvir-block
tactus: def-cert: normal_form_afp_textbook.a_words not serialized: rawvir-closure
tactus: def-cert: normal_form_afp_textbook.has_left_h_witness_of_len not serialized: rawvir-readplace-nonlocal
tactus: def-cert: normal_form_afp_textbook.no_pred_below not serialized: typ-specfn
tactus: def-cert: normal_form_afp_textbook.left_h_min_len not serialized: rawvir-block
tactus: def-cert: normal_form_afp_textbook.has_left_h_witness_of_len_rank not serialized: rawvir-readplace-nonlocal
tactus: def-cert: normal_form_afp_textbook.no_smaller_h_lex not serialized: rawvir-unary-nonclip
tactus: def-cert: normal_form_afp_textbook.left_h_min_lex not serialized: rawvir-block
tactus: def-cert: normal_form_afp_textbook.left_h_part not serialized: rawvir-block
tactus: def-cert: normal_form_afp_textbook.has_b_rcoset_word_of_len not serialized: rawvir-readplace-nonlocal
tactus: def-cert: normal_form_afp_textbook.no_shorter_b_rcoset_word not serialized: rawvir-unary-nonclip
tactus: def-cert: normal_form_afp_textbook.b_rcoset_min_len not serialized: rawvir-choose
tactus: def-cert: normal_form_afp_textbook.has_b_rcoset_word_of_len_rank not serialized: rawvir-readplace-nonlocal
tactus: def-cert: normal_form_afp_textbook.no_smaller_b_rcoset_lex not serialized: rawvir-unary-nonclip
tactus: def-cert: normal_form_afp_textbook.b_rcoset_min_lex not serialized: rawvir-block
tactus: def-cert: normal_form_afp_textbook.b_rcoset_rep not serialized: rawvir-block
tactus: def-cert: normal_form_afp_textbook.b_words not serialized: rawvir-closure
tactus: def-cert: normal_form_afp_textbook.has_right_h_witness_of_len not serialized: rawvir-readplace-nonlocal
tactus: def-cert: normal_form_afp_textbook.b_rcoset_h_min_len not serialized: rawvir-block
tactus: def-cert: normal_form_afp_textbook.has_right_h_witness_of_len_rank not serialized: rawvir-readplace-nonlocal
tactus: def-cert: normal_form_afp_textbook.no_smaller_h_lex_g2 not serialized: rawvir-unary-nonclip
tactus: def-cert: normal_form_afp_textbook.b_rcoset_h_min_lex not serialized: rawvir-block
tactus: def-cert: normal_form_afp_textbook.b_rcoset_h not serialized: rawvir-block
tactus: def-cert: normal_form_afp_textbook.has_a_rcoset_word_of_len not serialized: rawvir-readplace-nonlocal
tactus: def-cert: normal_form_afp_textbook.no_shorter_a_rcoset_word not serialized: rawvir-unary-nonclip
tactus: def-cert: normal_form_afp_textbook.a_rcoset_min_len not serialized: rawvir-choose
tactus: def-cert: normal_form_afp_textbook.has_a_rcoset_word_of_len_rank not serialized: rawvir-readplace-nonlocal
tactus: def-cert: normal_form_afp_textbook.no_smaller_a_rcoset_lex not serialized: rawvir-unary-nonclip
tactus: def-cert: normal_form_afp_textbook.a_rcoset_min_lex not serialized: rawvir-block
tactus: def-cert: normal_form_afp_textbook.a_rcoset_rep not serialized: rawvir-block
tactus: def-cert: normal_form_afp_textbook.is_canonical_state not serialized: rawvir-binaryopr
tactus: def-cert: normal_form_afp_textbook.a_rcoset_h_min_len not serialized: rawvir-block
tactus: def-cert: normal_form_afp_textbook.a_rcoset_h_min_lex not serialized: rawvir-block
tactus: def-cert: normal_form_afp_textbook.a_rcoset_h not serialized: rawvir-block
tactus: def-cert: normal_form_afp_textbook.act_left_sym not serialized: rawvir-block
tactus: def-cert: normal_form_afp_textbook.act_right_sym not serialized: rawvir-block
tactus: def-cert: normal_form_afp_textbook.act_sym not serialized: rawvir-block
tactus: def-cert: normal_form_afp_textbook.act_word not serialized: rawvir-ctor
tactus: def-cert: normal_form_afp_textbook.action_preserves_canonical not serialized: rawvir-block
tactus: def-cert: tower.tower_textbook_prereqs_at not serialized: rawvir-block
tactus: def-cert: tower.tower_textbook_chain not serialized: rawvir-unary-nonclip
tactus: def-cert: normal_form_afp_textbook.is_nat_min not serialized: typ-specfn
tactus: def-cert: normal_form_afp_textbook.g1_decompose_state not serialized: rawvir-block
tactus: def-cert: normal_form_afp_textbook.inverse_pair_word not serialized: rawvir-closure
tactus: def-cert: normal_form_afp_textbook.relator_acts_trivially not serialized: rawvir-ctor
tactus: def-cert: normal_form_afp_textbook.action_well_defined not serialized: rawvir-block
tactus: def-cert: normal_form_afp_textbook.g1_one_shot_action not serialized: rawvir-block
tactus: def-cert: normal_form_afp_textbook.g2_one_shot_action not serialized: rawvir-block
tactus: def-cert: normal_form_afp_textbook.reverse_invert_factors not serialized: rawvir-call-arity
tactus: def-cert: pred_normal_form_afp_textbook.a_words not serialized: rawvir-closure
tactus: def-cert: pred_normal_form_afp_textbook.b_words not serialized: rawvir-closure
tactus: def-cert: pred_normal_form_afp_textbook.k_size not serialized: rawvir-readplace-nonlocal
tactus: def-cert: pred_normal_form_afp_textbook.has_left_coset_word_of_len not serialized: rawvir-readplace-nonlocal
tactus: def-cert: pred_normal_form_afp_textbook.lex_base not serialized: rawvir-readplace-nonlocal
tactus: def-cert: pred_normal_form_afp_textbook.has_left_coset_word_of_len_rank not serialized: rawvir-readplace-nonlocal
tactus: def-cert: pred_normal_form_afp_textbook.no_shorter_coset_word not serialized: rawvir-unary-nonclip
tactus: def-cert: pred_normal_form_afp_textbook.left_min_coset_len not serialized: rawvir-choose
tactus: def-cert: pred_normal_form_afp_textbook.no_smaller_coset_lex not serialized: rawvir-unary-nonclip
tactus: def-cert: pred_normal_form_afp_textbook.left_min_coset_lex not serialized: rawvir-block
tactus: def-cert: pred_normal_form_afp_textbook.left_canonical_rep not serialized: rawvir-block
tactus: def-cert: pred_normal_form_afp_textbook.has_left_h_witness_of_len not serialized: rawvir-readplace-nonlocal
tactus: def-cert: pred_normal_form_afp_textbook.no_pred_below not serialized: typ-specfn
tactus: def-cert: pred_normal_form_afp_textbook.left_h_min_len not serialized: rawvir-block
tactus: def-cert: pred_normal_form_afp_textbook.has_left_h_witness_of_len_rank not serialized: rawvir-readplace-nonlocal
tactus: def-cert: pred_normal_form_afp_textbook.no_smaller_h_lex not serialized: rawvir-unary-nonclip
tactus: def-cert: pred_normal_form_afp_textbook.left_h_min_lex not serialized: rawvir-block
tactus: def-cert: pred_normal_form_afp_textbook.left_h_part not serialized: rawvir-block
tactus: def-cert: pred_normal_form_afp_textbook.has_right_h_witness_of_len not serialized: rawvir-readplace-nonlocal
tactus: def-cert: pred_normal_form_afp_textbook.has_a_rcoset_word_of_len not serialized: rawvir-readplace-nonlocal
tactus: def-cert: pred_normal_form_afp_textbook.no_shorter_a_rcoset_word not serialized: rawvir-unary-nonclip
tactus: def-cert: pred_normal_form_afp_textbook.a_rcoset_min_len not serialized: rawvir-choose
tactus: def-cert: pred_normal_form_afp_textbook.has_a_rcoset_word_of_len_rank not serialized: rawvir-readplace-nonlocal
tactus: def-cert: pred_normal_form_afp_textbook.no_smaller_a_rcoset_lex not serialized: rawvir-unary-nonclip
tactus: def-cert: pred_normal_form_afp_textbook.a_rcoset_min_lex not serialized: rawvir-block
tactus: def-cert: pred_normal_form_afp_textbook.a_rcoset_rep not serialized: rawvir-block
tactus: def-cert: pred_normal_form_afp_textbook.a_rcoset_h_min_len not serialized: rawvir-block
tactus: def-cert: pred_normal_form_afp_textbook.a_rcoset_h_min_lex not serialized: rawvir-block
tactus: def-cert: pred_normal_form_afp_textbook.a_rcoset_h not serialized: rawvir-block
tactus: def-cert: pred_normal_form_afp_textbook.has_b_rcoset_word_of_len not serialized: rawvir-readplace-nonlocal
tactus: def-cert: pred_normal_form_afp_textbook.no_shorter_b_rcoset_word not serialized: rawvir-unary-nonclip
tactus: def-cert: pred_normal_form_afp_textbook.b_rcoset_min_len not serialized: rawvir-choose
tactus: def-cert: pred_normal_form_afp_textbook.has_b_rcoset_word_of_len_rank not serialized: rawvir-readplace-nonlocal
tactus: def-cert: pred_normal_form_afp_textbook.no_smaller_b_rcoset_lex not serialized: rawvir-unary-nonclip
tactus: def-cert: pred_normal_form_afp_textbook.b_rcoset_min_lex not serialized: rawvir-block
tactus: def-cert: pred_normal_form_afp_textbook.b_rcoset_rep not serialized: rawvir-block
tactus: def-cert: pred_normal_form_afp_textbook.has_right_h_witness_of_len_rank not serialized: rawvir-readplace-nonlocal
tactus: def-cert: pred_normal_form_afp_textbook.no_smaller_h_lex_g2 not serialized: rawvir-unary-nonclip
tactus: def-cert: pred_normal_form_afp_textbook.b_rcoset_h_min_len not serialized: rawvir-block
tactus: def-cert: pred_normal_form_afp_textbook.b_rcoset_h_min_lex not serialized: rawvir-block
tactus: def-cert: pred_normal_form_afp_textbook.b_rcoset_h not serialized: rawvir-block
tactus: def-cert: pred_normal_form_afp_textbook.is_nat_min not serialized: typ-specfn
tactus: def-cert: pred_normal_form_afp_textbook.act_left_sym not serialized: rawvir-block
tactus: def-cert: pred_normal_form_afp_textbook.act_right_sym not serialized: rawvir-block
tactus: def-cert: pred_normal_form_afp_textbook.act_sym not serialized: rawvir-block
tactus: def-cert: pred_normal_form_afp_textbook.act_word not serialized: rawvir-ctor
tactus: def-cert: pred_normal_form_afp_textbook.g1_decompose_state not serialized: rawvir-block
tactus: def-cert: pred_normal_form_afp_textbook.inverse_pair_word not serialized: rawvir-closure
tactus: def-cert: pred_normal_form_afp_textbook.relator_acts_trivially not serialized: rawvir-ctor
tactus: def-cert: pred_normal_form_afp_textbook.is_canonical_state not serialized: rawvir-binaryopr
tactus: def-cert: pred_normal_form_afp_textbook.action_preserves_canonical not serialized: rawvir-block
tactus: def-cert: pred_normal_form_afp_textbook.action_well_defined not serialized: rawvir-block
tactus: def-cert: pred_normal_form_afp_textbook.g1_one_shot_action not serialized: rawvir-block
tactus: def-cert: pred_normal_form_afp_textbook.g2_one_shot_action not serialized: rawvir-block
tactus: def-cert: pred_normal_form_afp_textbook.reverse_invert_factors not serialized: rawvir-call-arity
tactus: def-cert: pred_tower.tower_afp_data not serialized: rawvir-block
tactus: def-cert: pred_tower.tower_presentation not serialized: rawvir-readplace-nonlocal
tactus: def-cert: pred_tower.tower_textbook_prereqs_at not serialized: rawvir-block
tactus: def-cert: pred_tower.tower_textbook_chain not serialized: rawvir-unary-nonclip
tactus: def-cert: britton_via_tower.is_stable not serialized: rawvir-block
tactus: def-cert: britton_via_tower.net_level not serialized: rawvir-block
tactus: def-cert: britton_via_tower.translate_word_at not serialized: rawvir-block
tactus: def-cert: britton_via_tower.shift_hom not serialized: rawvir-block
tactus: def-cert: britton_via_tower.step_position not serialized: ed-field-pat
tactus: def-cert: britton_via_tower.step_is_hnn_relator not serialized: rawvir-arm-pat
tactus: def-cert: britton_via_tower.step_level_ok not serialized: rawvir-block
tactus: def-cert: britton_via_tower.derivation_levels_ok not serialized: rawvir-block
tactus: def-cert: britton_via_tower.derivation_min_adj_level not serialized: rawvir-block
tactus: def-cert: britton_via_tower.derivation_max_step_level not serialized: rawvir-block
tactus: def-cert: britton_via_tower.right_syllable_count not serialized: rawvir-unary-nonclip
tactus: def-cert: britton_via_tower.has_stable_letter not serialized: rawvir-multi
tactus: def-cert: britton_via_tower.has_adjacent_opposite_at not serialized: rawvir-block
tactus: def-cert: britton_via_tower.has_pinch_at not serialized: rawvir-block
tactus: def-cert: britton_via_tower.left_syllable_count not serialized: rawvir-readplace-nonlocal
tactus: def-cert: britton_via_tower.max_prefix_level not serialized: rawvir-block
tactus: def-cert: britton_via_tower.textbook_g2_action not serialized: rawvir-block
tactus: def-cert: britton_via_tower.textbook_g1_action not serialized: rawvir-block
tactus: def-cert: britton_via_tower.textbook_psi_p not serialized: rawvir-block
tactus: def-cert: britton_via_tower.textbook_psi_p_inv not serialized: rawvir-block
tactus: def-cert: britton_via_tower.textbook_act_hnn not serialized: rawvir-ctor
tactus: def-cert: britton_via_tower.trailing_segment not serialized: rawvir-block
tactus: def-cert: britton_via_tower.leading_part not serialized: rawvir-block
tactus: def-cert: britton_via_tower.textbook_no_collapse not serialized: rawvir-block
tactus: def-cert: britton_via_tower.hnn_canonical_state not serialized: rawvir-block
tactus: def-cert: pred_britton_via_tower.is_stable not serialized: rawvir-block
tactus: def-cert: pred_britton_via_tower.net_level not serialized: rawvir-block
tactus: def-cert: pred_britton_via_tower.translate_word_at not serialized: rawvir-block
tactus: def-cert: pred_britton_via_tower.shift_hom not serialized: rawvir-block
tactus: def-cert: pred_britton_via_tower.step_position not serialized: ed-field-pat
tactus: def-cert: pred_britton_via_tower.step_is_hnn_relator not serialized: rawvir-arm-pat
tactus: def-cert: pred_britton_via_tower.step_level_ok not serialized: rawvir-block
tactus: def-cert: pred_britton_via_tower.derivation_levels_ok not serialized: rawvir-block
tactus: def-cert: pred_britton_via_tower.derivation_min_adj_level not serialized: rawvir-block
tactus: def-cert: pred_britton_via_tower.derivation_max_step_level not serialized: rawvir-block
tactus: def-cert: pred_britton_via_tower.right_syllable_count not serialized: rawvir-unary-nonclip
tactus: def-cert: pred_britton_via_tower.has_stable_letter not serialized: rawvir-multi
tactus: def-cert: pred_britton_via_tower.has_adjacent_opposite_at not serialized: rawvir-block
tactus: def-cert: pred_britton_via_tower.has_pinch_at not serialized: rawvir-block
tactus: def-cert: pred_britton_via_tower.left_syllable_count not serialized: rawvir-readplace-nonlocal
tactus: def-cert: pred_britton_via_tower.max_prefix_level not serialized: rawvir-block
tactus: def-cert: pred_britton_via_tower.textbook_g2_action not serialized: rawvir-block
tactus: def-cert: pred_britton_via_tower.textbook_g1_action not serialized: rawvir-block
tactus: def-cert: pred_britton_via_tower.textbook_psi_p not serialized: rawvir-block
tactus: def-cert: pred_britton_via_tower.textbook_psi_p_inv not serialized: rawvir-block
tactus: def-cert: pred_britton_via_tower.textbook_act_hnn not serialized: rawvir-ctor
tactus: def-cert: pred_britton_via_tower.trailing_segment not serialized: rawvir-block
tactus: def-cert: pred_britton_via_tower.leading_part not serialized: rawvir-block
tactus: def-cert: pred_britton_via_tower.textbook_no_collapse not serialized: rawvir-block
tactus: def-cert: pred_britton_via_tower.hnn_canonical_state not serialized: rawvir-block
tactus: def-cert: higman_operations.free_group not serialized: rawvir-ctor
tactus: def-cert: machine_group.symbol_power not serialized: rawvir-closure
tactus: def-cert: conj_free.conj_word not serialized: rawvir-ctor
tactus: def-cert: conj_free.conj_family not serialized: rawvir-closure
tactus: def-cert: conj_free_core.consec_b not serialized: rawvir-multi
tactus: def-cert: conj_free_core.bsep not serialized: rawvir-unary-nonclip
tactus: def-cert: conj_free_core.b_sym not serialized: rawvir-field-pat
tactus: def-cert: conj_free_core.phi_block not serialized: rawvir-ctor
tactus: def-cert: conj_free_b.swap_symbol not serialized: rawvir-ctor
tactus: def-cert: conj_free_b.swap_emb not serialized: rawvir-arrayliteral
tactus: def-cert: conj_free_b.conj_word_b not serialized: rawvir-ctor
tactus: def-cert: conj_free_b.conj_family_b not serialized: rawvir-closure
tactus: def-cert: tietze.remove_relator not serialized: rawvir-ctor
tactus: def-cert: tietze.add_generator_to_presentation not serialized: rawvir-block
tactus: def-cert: machine_group.base_A not serialized: rawvir-ctor
tactus: def-cert: machine_group.config_word not serialized: rawvir-ctor
tactus: def-cert: machine_group.quad_matches not serialized: rawvir-readplace-nonlocal
tactus: def-cert: machine_group.quad_step not serialized: rawvir-place
tactus: def-cert: machine_group.mm_terminal not serialized: rawvir-multi
tactus: def-cert: machine_group.mm_yields not serialized: rawvir-multi
tactus: def-cert: machine_group.quad_wf not serialized: rawvir-readplace-nonlocal
tactus: def-cert: machine_group.mod_machine_wf not serialized: rawvir-readplace-nonlocal
tactus: def-cert: machine_group.quad_associations not serialized: rawvir-place
tactus: def-cert: machine_group.b_m_upto not serialized: rawvir-call-arity
tactus: def-cert: machine_group.b_m not serialized: rawvir-readplace-nonlocal
tactus: def-cert: machine_group.g_m_associations not serialized: rawvir-closure
tactus: def-cert: machine_group.g_m not serialized: rawvir-ctor
tactus: def-cert: machine_group.k_gen not serialized: rawvir-ctor
tactus: def-cert: machine_group.k_commutes not serialized: rawvir-call-arity
tactus: def-cert: machine_group.w_mid_word not serialized: rawvir-ctor
tactus: def-cert: machine_group.config_target not serialized: rawvir-ctor
tactus: def-cert: machine_group.r_step_data not serialized: rawvir-ctor
tactus: def-cert: machine_group.l_step_data not serialized: rawvir-ctor
tactus: def-cert: machine_group.recompose_target not serialized: rawvir-ctor
tactus: def-cert: machine_group.g_subgens not serialized: rawvir-closure
tactus: def-cert: machine_group.is_h0_factor not serialized: rawvir-withtriggers
tactus: def-cert: machine_group.all_h0_factors not serialized: rawvir-multi
tactus: def-cert: machine_group.in_T not serialized: rawvir-unary-nonclip
tactus: def-cert: machine_group.inv_rev_factors not serialized: rawvir-call-arity
tactus: def-cert: machine_group.all_T_stable_factors not serialized: rawvir-multi
tactus: def-cert: machine_group.in_T_stable not serialized: rawvir-unary-nonclip
tactus: def-cert: machine_group.pres_t not serialized: rawvir-ctor
tactus: def-cert: machine_group.pres_xy not serialized: rawvir-ctor
tactus: def-cert: machine_group.sym_exp not serialized: rawvir-ctor
tactus: def-cert: machine_group.conj_images not serialized: rawvir-closure
tactus: def-cert: machine_group.signed_power not serialized: rawvir-ctor
tactus: def-cert: machine_group.is_xy_word not serialized: rawvir-multi
tactus: def-cert: machine_group.pres_tx not serialized: rawvir-ctor
tactus: def-cert: machine_group.a_as_hnn not serialized: rawvir-ctor
tactus: def-cert: machine_group.psi_images not serialized: rawvir-arrayliteral
tactus: def-cert: machine_group.f_as_hnn not serialized: rawvir-ctor
tactus: def-cert: machine_group.is_t_word not serialized: rawvir-multi
tactus: def-cert: machine_group.act_syls not serialized: rawvir-readplace-nonlocal
tactus: def-cert: machine_group.psi_F_images not serialized: rawvir-arrayliteral
tactus: def-cert: machine_group.x_exp_sum not serialized: rawvir-ctor
tactus: def-cert: machine_group.x_pow not serialized: rawvir-ctor
tactus: def-cert: machine_group.hnn_a_gens not serialized: rawvir-closure
tactus: def-cert: machine_group.hnn_b_gens not serialized: rawvir-closure
tactus: def-cert: machine_group.factors_to_word not serialized: rawvir-call-arity
tactus: def-cert: machine_group.top_step_data not serialized: rawvir-ctor
tactus: def-cert: machine_group.sconfig not serialized: rawvir-ctor
tactus: def-cert: machine_group.acc_gens not serialized: rawvir-arrayliteral
tactus: def-cert: machine_group.residue_config not serialized: rawvir-withtriggers
tactus: def-cert: machine_group.all_residue_configs not serialized: rawvir-multi
tactus: def-cert: machine_group.cl_eval not serialized: rawvir-readplace-nonlocal
tactus: def-cert: machine_group.cw_eval not serialized: rawvir-call-arity
tactus: def-cert: machine_group.cw_net_sign not serialized: rawvir-readplace-nonlocal
tactus: def-cert: machine_group.canl_eval not serialized: rawvir-readplace-nonlocal
tactus: def-cert: machine_group.canw_eval not serialized: rawvir-call-arity
tactus: def-cert: machine_group.canw_reduced not serialized: rawvir-multi
tactus: def-cert: machine_group.canw_net_e not serialized: rawvir-readplace-nonlocal
tactus: def-cert: machine_group.fl_comb_acc not serialized: rawvir-readplace-nonlocal
tactus: def-cert: machine_group.canw_all_s_zero not serialized: rawvir-multi
tactus: def-cert: machine_group.no_gen0 not serialized: rawvir-multi
tactus: def-cert: machine_group.yl_comb_acc not serialized: rawvir-readplace-nonlocal
tactus: def-cert: machine_group.hrun not serialized: rawvir-call-arity
tactus: def-cert: machine_group.zero_s not serialized: rawvir-closure
tactus: def-cert: machine_group.run_len not serialized: rawvir-readplace-nonlocal
tactus: def-cert: machine_group.word_power not serialized: rawvir-call-arity
tactus: def-cert: machine_group.factors_from_pred not serialized: typ-specfn
tactus: def-cert: machine_group.in_subgroup_pred not serialized: typ-specfn
tactus: def-cert: machine_group.is_tm_gen not serialized: rawvir-withtriggers
tactus: def-cert: machine_group.is_tmstable_gen not serialized: rawvir-withtriggers
tactus: def-cert: machine_group.tm_pred not serialized: typ-specfn
tactus: def-cert: machine_group.tmstable_pred not serialized: typ-specfn
tactus: def-cert: machine_group.in_TM not serialized: typ-specfn
tactus: def-cert: machine_group.in_TMstable not serialized: typ-specfn
tactus: def-cert: machine_group.config_word_signed not serialized: rawvir-ctor
tactus: def-cert: machine_group.is_residue_gen not serialized: rawvir-withtriggers
tactus: def-cert: machine_group.residue_pred not serialized: typ-specfn
tactus: def-cert: machine_group.in_residue_class not serialized: typ-specfn
tactus: def-cert: machine_group.kill_t_images not serialized: rawvir-arrayliteral
tactus: def-cert: ii_subset.kp_value not serialized: rawvir-readplace-nonlocal
tactus: def-cert: ii_subset.kp_pcount not serialized: rawvir-readplace-nonlocal
tactus: def-cert: ii_subset.is_kp_word not serialized: typ-specfn
tactus: def-cert: kp_pinch.kp_has_pinch_at not serialized: rawvir-readplace-nonlocal
tactus: def-cert: kp_pinch.kp_pinch_free not serialized: rawvir-unary-nonclip
tactus: def-cert: kp_pinch.kp_syllables_valid not serialized: rawvir-readplace-nonlocal
tactus: def-cert: kp_pinch.is_kp_factor not serialized: typ-specfn
tactus: def-cert: kp_pinch.all_kp_factors not serialized: typ-specfn
tactus: def-cert: kp_pinch.in_kp_subgroup not serialized: typ-specfn
tactus: def-cert: tower_peel.tmstable_pred_upto not serialized: typ-specfn
tactus: def-cert: tower_peel.in_TMstable_upto not serialized: typ-specfn
tactus: def-cert: tower_peel.in_TMstable_upto_pred not serialized: typ-specfn
tactus: def-cert: tower_peel.step_data not serialized: rawvir-ctor
tactus: def-cert: tower_peel.quad_data not serialized: rawvir-ctor
tactus: def-cert: tower_peel.prop_v_holds not serialized: rawvir-withtriggers
tactus: def-cert: config_reduce.cw_cons not serialized: rawvir-readplace-nonlocal
tactus: def-cert: config_reduce.cw_reduce not serialized: rawvir-call-arity
tactus: def-cert: config_reduce.coord_in not serialized: rawvir-multi
tactus: def-cert: config_reduce.canl_inv not serialized: rawvir-ctor
tactus: def-cert: config_reduce.revinv not serialized: rawvir-call-arity
tactus: def-cert: config_reduce.is_canl_word not serialized: rawvir-readplace-nonlocal
tactus: def-cert: config_reduce.canon_represents not serialized: rawvir-multi
tactus: def-cert: config_reduce.tm_factor_to_canl not serialized: rawvir-block
tactus: def-cert: config_reduce.res_factor_to_canl not serialized: rawvir-block
tactus: def-cert: prop_v.letter_to_U not serialized: rawvir-readplace-nonlocal
tactus: def-cert: prop_v.red_to_U not serialized: rawvir-call-arity
tactus: def-cert: prop_v.letter_to_U2 not serialized: rawvir-readplace-nonlocal
tactus: def-cert: prop_v.red_to_U2 not serialized: rawvir-call-arity
tactus: def-cert: prop_v.b_aa not serialized: rawvir-place
tactus: def-cert: prop_v.b_bb not serialized: rawvir-place
tactus: def-cert: prop_v.b_mr not serialized: rawvir-place
tactus: def-cert: prop_v.b_ms not serialized: rawvir-place
tactus: def-cert: prop_v.acc_factor_to_canl not serialized: rawvir-block
tactus: def-cert: word_numbering.alphabet_letter not serialized: rawvir-ctor
tactus: def-cert: word_numbering.bc_letter not serialized: rawvir-arrayliteral
tactus: def-cert: word_numbering.numbers_word not serialized: rawvir-multi
tactus: def-cert: word_numbering.w_c not serialized: rawvir-call-arity
tactus: def-cert: word_numbering.w_bc not serialized: rawvir-call-arity
tactus: def-cert: word_numbering_decode.in_c_block not serialized: rawvir-multi
tactus: def-cert: word_numbering_decode.c_alphabet_word not serialized: rawvir-multi
tactus: def-cert: h1.comm_relator not serialized: rawvir-arrayliteral
tactus: def-cert: h1.comm_relators not serialized: rawvir-closure
tactus: def-cert: h1.h1_base not serialized: rawvir-ctor
tactus: def-cert: h2.td_word not serialized: rawvir-arrayliteral
tactus: def-cert: h2.p_assoc not serialized: rawvir-ctor
tactus: def-cert: h2.h2_data not serialized: rawvir-ctor
tactus: def-cert: h3.assocs_valid not serialized: rawvir-withtriggers
tactus: def-cert: h3.phi_bblock not serialized: rawvir-closure
tactus: def-cert: h3.phi_assoc not serialized: rawvir-ctor
tactus: def-cert: h3.psi_ublock not serialized: rawvir-closure
tactus: def-cert: h3.psi_bcblock not serialized: rawvir-closure
tactus: def-cert: h3.psi_assoc not serialized: rawvir-block
tactus: def-cert: h3.h3_upto not serialized: rawvir-ctor
tactus: def-cert: h3.h3_pres not serialized: rawvir-ctor
tactus: def-cert: free_basis.kill_hom not serialized: rawvir-block
tactus: def-cert: free_basis.basis_elt not serialized: rawvir-block
tactus: def-cert: free_basis.comp_images not serialized: rawvir-closure
tactus: def-cert: free_basis.config_emb not serialized: rawvir-closure
tactus: def-cert: free_basis.sym_to_canl not serialized: rawvir-ctor
tactus: def-cert: free_basis.w_to_canon not serialized: rawvir-closure
tactus: def-cert: free_basis.alpha_index not serialized: rawvir-choose
tactus: def-cert: free_basis.canl_to_free not serialized: rawvir-readplace-nonlocal
tactus: def-cert: free_basis.canon_to_free not serialized: rawvir-call-arity
tactus: def-cert: free_basis.canl_in_alphas not serialized: rawvir-readplace-nonlocal
tactus: def-cert: free_basis.canon_in_alphas not serialized: rawvir-multi
tactus: def-cert: free_basis.basis_emb not serialized: rawvir-closure
tactus: def-cert: higman_consequences.conj_u not serialized: rawvir-ctor
tactus: def-cert: higman_consequences.w_a not serialized: rawvir-call-arity
tactus: def-cert: h3_ii.family_II_lhs not serialized: rawvir-block
tactus: def-cert: h3_ii.family_II_rhs not serialized: rawvir-block
tactus: def-cert: h3_ii.family_II not serialized: rawvir-closure
tactus: def-cert: h3_ii.phi_blocks not serialized: rawvir-call-arity
tactus: def-cert: h3_ii.h3_II_upto not serialized: rawvir-ctor
tactus: def-cert: h3_ii.h3_II not serialized: rawvir-ctor
tactus: def-cert: h3_ii.phi_l_data not serialized: rawvir-ctor
tactus: def-cert: h3_ii.family_II_assoc not serialized: rawvir-closure
tactus: def-cert: h3_ii.recog_data not serialized: rawvir-ctor
tactus: def-cert: h3_ii.compose_embeddings not serialized: rawvir-closure
tactus: def-cert: h3_ii.phi_l_subst not serialized: rawvir-closure
tactus: def-cert: f_free.free_stable_data not serialized: rawvir-ctor
tactus: def-cert: f_free.stable_emb not serialized: rawvir-ctor
tactus: def-cert: f_free.is_free_family not serialized: rawvir-multi
tactus: def-cert: f_free_tower.free_stable_letter not serialized: rawvir-ctor
tactus: def-cert: f_free_tower.tx_family not serialized: rawvir-arrayliteral
tactus: def-cert: f_free_h1.kill_c not serialized: rawvir-block
tactus: def-cert: f_free_h1.f_h1_family not serialized: rawvir-block
tactus: def-cert: higman_completeness.is_S_relator not serialized: rawvir-withtriggers
tactus: def-cert: higman_completeness.is_conj_S_factor not serialized: rawvir-withtriggers
tactus: def-cert: higman_completeness.all_conj_S_factors not serialized: rawvir-multi
tactus: def-cert: higman_completeness.in_C not serialized: rawvir-unary-nonclip
tactus: def-cert: f_free_a1.betas not serialized: rawvir-call-arity
tactus: def-cert: pa_data.pa_rhs not serialized: rawvir-ctor
tactus: def-cert: pa_data.pa_assoc not serialized: rawvir-closure
tactus: def-cert: pa_data.pa_data not serialized: rawvir-ctor
tactus: def-cert: free_family_perm.relabel_emb not serialized: rawvir-closure
tactus: def-cert: free_family_perm.permute_family not serialized: rawvir-closure
tactus: def-cert: free_family_perm.conjugate_family not serialized: rawvir-closure
tactus: def-cert: free_family_perm.transvect_emb not serialized: rawvir-closure
tactus: def-cert: phi_l_maps.a_words_F not serialized: rawvir-block
tactus: def-cert: phi_l_maps.pa_sigma not serialized: rawvir-closure
tactus: def-cert: phi_l_maps.pa_sigma_inv not serialized: rawvir-closure
tactus: def-cert: phi_l_maps.a_words not serialized: rawvir-ctor
tactus: def-cert: phi_l_lift.b_words not serialized: rawvir-closure
tactus: def-cert: phi_l_mapb.phi_l_src not serialized: rawvir-closure
tactus: def-cert: phi_l_mapb.txd_b_family not serialized: rawvir-closure
tactus: def-cert: phi_l_mapb.phi_F_family not serialized: rawvir-closure
tactus: def-cert: phi_l_mapb.sigma_betas not serialized: rawvir-closure
tactus: def-cert: r_prime.phi_prime not serialized: rawvir-closure
tactus: def-cert: r_prime.phi_canon_acc not serialized: rawvir-call-arity
tactus: def-cert: r_prime.phi_head not serialized: rawvir-block
tactus: def-cert: r_prime.kill_db not serialized: rawvir-ctor
tactus: def-cert: r_prime.bet_factor_to_canl not serialized: rawvir-block
tactus: def-cert: r_prime.kill_y not serialized: rawvir-ctor
tactus: def-cert: r_prime.cong_l not serialized: rawvir-unary-nonclip
tactus: def-cert: r_prime.sigma_backsat not serialized: rawvir-unary-nonclip
tactus: def-cert: r_prime_b.pa_rhs_emb not serialized: rawvir-closure
tactus: def-cert: r_prime_b.sigma_fwdsat not serialized: rawvir-multi
tactus: def-cert: r_prime_b.bet_pos not serialized: rawvir-choose
tactus: def-cert: r_prime_b.sigma_selector not serialized: rawvir-closure
tactus: def-cert: r_prime_b.coord_vals not serialized: rawvir-closure
tactus: def-cert: r_prime_b.coord_sel not serialized: rawvir-closure
tactus: def-cert: phi_l_iso_tower.sigma_sat_upto not serialized: rawvir-withtriggers
tactus: def-cert: sigma_orbit.digit_appends not serialized: rawvir-closure
tactus: def-cert: sigma_orbit.sigma_expand not serialized: rawvir-call-arity
tactus: def-cert: sigma_orbit.sigma_orbit not serialized: rawvir-block
tactus: def-cert: sigma_orbit.sigma_slice_ok not serialized: rawvir-withtriggers
tactus: def-cert: cohen_h2.c_symbol not serialized: rawvir-multi
tactus: def-cert: cohen_h2.is_c_word not serialized: rawvir-multi
tactus: def-cert: cohen_h2.s_relators_valid not serialized: typ-specfn
tactus: def-cert: cohen_h2.s_realizes not serialized: typ-specfn
tactus: def-cert: cohen_h2.h2_pred_relator not serialized: typ-specfn
tactus: def-cert: cohen_h2.h2_pred not serialized: typ-specfn
tactus: def-cert: cohen_retraction.no_c_word not serialized: rawvir-multi
tactus: def-cert: cohen_retraction.c_pred not serialized: typ-specfn
tactus: def-cert: cohen_retraction.c_retraction not serialized: typ-specfn
tactus: def-cert: cohen_h3.h3_pred_upto not serialized: typ-specfn
tactus: def-cert: cohen_h3.h3_pred_data not serialized: typ-specfn
tactus: def-cert: cohen_h3.h3_pred not serialized: typ-specfn
tactus: def-cert: cohen_cs4b.h2_noS_pred_relator not serialized: rawvir-block
tactus: def-cert: cohen_cs4b.h2_noS_pred not serialized: rawvir-ctor
tactus: def-cert: cohen_cs4b.s_strip not serialized: typ-specfn
tactus: def-cert: cohen_cs4b.step_relator not serialized: rawvir-arm-pat
tactus: def-cert: cohen_cs4b.is_relator_step not serialized: rawvir-arm-pat
tactus: def-cert: cohen_cs4b.step_relator_in not serialized: rawvir-unary-nonclip
tactus: def-cert: cohen_cs4c.normalize_alphas not serialized: rawvir-call-arity
tactus: def-cert: cohen_cs4d.bet_of not serialized: rawvir-call-arity
tactus: def-cert: cohen_cs4e.cs4_data not serialized: typ-specfn
tactus: def-cert: cohen_cs4e.cs4_levels_iso not serialized: typ-specfn
tactus: def-cert: cohen_cs5.comp_images_pred not serialized: rawvir-closure
tactus: def-cert: cohen_cs5.k_a_col not serialized: rawvir-closure
tactus: def-cert: cohen_cs5.k_b_col not serialized: rawvir-closure
tactus: def-cert: cohen_cs5.pred_step_of_finite not serialized: rawvir-ctor
tactus: def-cert: cohen_cs5.conv_steps not serialized: rawvir-closure
tactus: def-cert: cohen_cs5.family_II_bc_rhs not serialized: rawvir-block
tactus: def-cert: cohen_cs5_recog.comp_emb not serialized: rawvir-closure
tactus: def-cert: cohen_cs5_recog.base_A_plus_base not serialized: rawvir-block
tactus: def-cert: cohen_cs5_recog.a_col_machine not serialized: rawvir-block
tactus: def-cert: cohen_cs5_recog.b_col_machine not serialized: rawvir-block
tactus: def-cert: cohen_cs5_recog.relabel_col not serialized: rawvir-block
tactus: def-cert: cohen_cs5_recog.base_retraction not serialized: rawvir-block
tactus: def-cert: cohen_cs5_recog.assoc_rhs_machine not serialized: rawvir-block
tactus: def-cert: cohen_cs5_recog.base_A_plus_assoc not serialized: rawvir-closure
tactus: def-cert: cohen_cs5_recog.base_A_plus_data not serialized: rawvir-ctor
tactus: def-cert: cohen_cs5_recog.db_projection not serialized: rawvir-block
tactus: def-cert: cohen_cs5_recog.ublock_db_gens not serialized: rawvir-block
tactus: def-cert: cohen_cs5_recog.h0_filter not serialized: rawvir-call-arity
tactus: def-cert: cohen_cs5_recog.assoc_rhs_emb not serialized: rawvir-closure
tactus: def-cert: cohen_cs5_recog.gm_incl_bp not serialized: rawvir-block
tactus: def-cert: cohen_cs5_recog.slice_pos not serialized: rawvir-choose
tactus: def-cert: cohen_cs5_recog.h0_sel not serialized: rawvir-closure
tactus: def-cert: cohen_cs5_recog.seg_stable not serialized: rawvir-block
tactus: def-cert: cohen_cs5_recog.seg_inv not serialized: rawvir-multi
tactus: def-cert: cohen_bridge.is_S_canonical not serialized: typ-specfn
tactus: def-cert: cohen_layer05_probe.assoc_col0 not serialized: rawvir-closure
tactus: def-cert: cohen_layer05_probe.assoc_col1 not serialized: rawvir-closure
tactus: def-cert: cohen_layer05_probe.c0_slice not serialized: rawvir-ctor
tactus: def-cert: cohen_layer05_probe.a_basis_elt not serialized: rawvir-ctor
tactus: def-cert: cohen_layer05_probe.b_basis_elt not serialized: rawvir-ctor
tactus: def-cert: cohen_layer05_probe.miller_a_col not serialized: rawvir-closure
tactus: def-cert: cohen_layer05_probe.miller_b_col not serialized: rawvir-closure
tactus: def-cert: cohen_layer05_probe.miller_data not serialized: rawvir-ctor
tactus: def-cert: cohen_layer05.acol_elt not serialized: rawvir-ctor
tactus: def-cert: cohen_layer05.bcol_elt not serialized: rawvir-ctor
tactus: def-cert: cohen_layer05.a_col not serialized: rawvir-closure
tactus: def-cert: cohen_layer05.b_col not serialized: rawvir-closure
tactus: def-cert: cohen_layer05.rho_imgs not serialized: rawvir-arrayliteral
tactus: def-cert: cohen_layer05.rho not serialized: rawvir-ctor
tactus: def-cert: cohen_layer05.miller_data not serialized: rawvir-ctor
tactus: def-cert: cohen_layer05.decls_family_valid not serialized: typ-specfn
tactus: def-cert: cohen_layer05.equiv_in_c0_limit not serialized: typ-specfn
tactus: def-cert: cohen_layer05.equiv_in_g_limit not serialized: typ-specfn
tactus: def-cert: miller_collapse.b_sub not serialized: rawvir-arrayliteral
tactus: def-cert: miller_collapse.binv_sub not serialized: rawvir-arrayliteral
tactus: def-cert: miller_collapse.miller_collapse_word not serialized: rawvir-block
tactus: def-cert: miller_collapse.miller_collapse_emb not serialized: rawvir-arrayliteral
tactus: def-cert: miller_collapse_assoc.conj_t not serialized: rawvir-ctor
tactus: def-cert: miller_collapse_preserve.dbar not serialized: rawvir-closure
tactus: def-cert: miller_collapse_preserve.k_m not serialized: rawvir-ctor
tactus: def-cert: miller_collapse_preserve.collapse_hom not serialized: rawvir-ctor
tactus: def-cert: miller_collapse_inject.beta_emb not serialized: rawvir-closure
tactus: def-cert: miller_collapse_inject.section_imgs not serialized: rawvir-arrayliteral
tactus: def-cert: miller_collapse_inject.section_hom not serialized: rawvir-ctor
tactus: def-cert: miller_collapse_limit.dbar_union_pred not serialized: typ-specfn
tactus: def-cert: miller_collapse_limit.p_infty not serialized: typ-specfn
tactus: def-cert: miller_collapse_limit.p_le not serialized: typ-specfn
tactus: def-cert: miller_collapse_limit.dbar_family_monotone not serialized: typ-specfn
tactus: def-cert: miller_collapse_limit.step_nonempty not serialized: rawvir-arm-pat
tactus: def-cert: miller_collapse_limit.derivation_nonempty not serialized: rawvir-multi
tactus: def-cert: miller_collapse_limit.strip_empty_steps not serialized: rawvir-call-arity
tactus: def-cert: miller_collapse_limit.fin_to_pred_step not serialized: rawvir-ctor
tactus: def-cert: miller_collapse_limit.map_steps not serialized: rawvir-call-arity
tactus: def-cert: carrier_not_fp.relators_trivial_upto not serialized: typ-specfn
tactus: def-cert: carrier_not_fp.slice_escaped not serialized: typ-specfn
tactus: def-cert: carrier_not_fp.limit_escapes_every_slice not serialized: typ-specfn
tactus: def-cert: m0_token.tok_relators not serialized: rawvir-arrayliteral
tactus: def-cert: m0_token.token_pres not serialized: rawvir-ctor
tactus: def-cert: m0_token.psi_images not serialized: rawvir-arrayliteral
tactus: def-cert: m0_token.psi_hom not serialized: rawvir-ctor
tactus: def-cert: m0_token.phi_images not serialized: rawvir-arrayliteral
tactus: def-cert: m0_token.phi_hom not serialized: rawvir-ctor
tactus: def-cert: thue.thue_relator not serialized: rawvir-readplace-nonlocal
tactus: def-cert: thue.rules_pres not serialized: rawvir-ctor
tactus: def-cert: thue.symbol_is_gen not serialized: rawvir-field-pat
tactus: def-cert: thue.thue_step_at not serialized: rawvir-block
tactus: def-cert: thue.thue_step not serialized: rawvir-multi
tactus: def-cert: thue.positivity not serialized: rawvir-withtriggers
tactus: def-cert: thue.prepend_all not serialized: rawvir-closure
tactus: def-cert: m1_guard.m1_rules not serialized: rawvir-ctor
tactus: def-cert: m1_guard.delete_x not serialized: rawvir-call-arity
tactus: def-cert: m1_guard.kill_hom not serialized: rawvir-ctor
tactus: def-cert: m1_guard.lead not serialized: rawvir-ctor
tactus: def-cert: m2_translate.m2_rules not serialized: rawvir-ctor
tactus: def-cert: m2_translate.sub_hom not serialized: rawvir-ctor
tactus: def-cert: m2_translate.no_bq not serialized: rawvir-unary-nonclip
tactus: def-cert: m2_translate.count_gen not serialized: rawvir-ctor
tactus: def-cert: m2_translate.m2_step_word not serialized: rawvir-arrayliteral
tactus: def-cert: m2_translate.sub_img not serialized: rawvir-ctor
tactus: def-cert: m3_blinker.m3_rules not serialized: rawvir-arrayliteral
tactus: def-cert: m3_blinker.m3_data not serialized: rawvir-ctor
tactus: def-cert: m3_blinker.sub_hom not serialized: rawvir-ctor
tactus: def-cert: m3_blinker.swap_hom not serialized: rawvir-ctor
tactus: def-cert: m3_blinker.no_sym not serialized: rawvir-unary-nonclip
tactus: def-cert: m3_blinker.has_gen2 not serialized: rawvir-ctor
tactus: def-cert: m3_blinker.m3_afp not serialized: rawvir-call-arity
tactus: def-cert: m3_blinker.head_decomp_ok not serialized: rawvir-unary-nonclip
tactus: def-cert: m3_blinker.nf_gap not serialized: rawvir-ctor
tactus: def-cert: m3_blinker.gap_word not serialized: rawvir-call-arity
tactus: def-cert: m3_blinker.gap_syls not serialized: rawvir-closure
tactus: def-cert: m3_blinker.ffnf not serialized: rawvir-call-arity
tactus: def-cert: m3_blinker.no_bq not serialized: rawvir-unary-nonclip
tactus: def-cert: m3_blinker.base_run not serialized: rawvir-ctor
tactus: def-cert: m3_blinker.drop_base_run not serialized: rawvir-ctor
tactus: def-cert: m3_blinker.split_q not serialized: rawvir-unary-nonclip
tactus: def-cert: m3_blinker.no_qa not serialized: rawvir-unary-nonclip
tactus: def-cert: m3_blinker.no_qpa not serialized: rawvir-unary-nonclip
tactus: def-cert: m3_blinker.no_qaa not serialized: rawvir-unary-nonclip
tactus: def-cert: m3_blinker.no_sub3 not serialized: rawvir-unary-nonclip
tactus: def-cert: m3_blinker.sub_alpha not serialized: rawvir-multi
tactus: def-cert: m3_blinker.num_a not serialized: rawvir-ctor
tactus: def-cert: m3_blinker.is_redex_at not serialized: rawvir-multi
tactus: def-cert: m3_blinker.fire_repl not serialized: rawvir-ctor
tactus: def-cert: m4_defect_flow.m4_rules not serialized: rawvir-arrayliteral
tactus: def-cert: m4_defect_flow.m4_data not serialized: rawvir-ctor
tactus: def-cert: m4_defect_flow.sub_hom not serialized: rawvir-ctor
tactus: def-cert: m4_defect_flow.swap_hom not serialized: rawvir-ctor
tactus: def-cert: m4_defect_flow.abpow not serialized: rawvir-call-arity
tactus: def-cert: m4_defect_flow.bapow not serialized: rawvir-call-arity
tactus: cert: runtime.find_cancellation_exec not serialized: break-or-continue
tactus: cert: runtime.lemma_inverse_word_element not serialized: call-unit-dest
tactus: cert: runtime.copy_word not serialized: break-or-continue
tactus: cert: runtime.lemma_runtime_word_view_append not serialized: assert-forall
tactus: cert: runtime.lemma_runtime_word_view_subrange not serialized: assert-forall
note: automatically chose triggers for this expression:
   --> /home/bepis/prog/verus-cad/tactus-group-theory/src/runtime.rs:307:13
    |
307 | /             forall|k: int| 0 <= k < result@.len() ==>
308 | |                 runtime_symbol_view(result@[k]) ==
309 | |                     inverse_symbol(runtime_word_view(w@)[(w@.len() - 1 - k) as int]),
    | |____________________________________________________________________________________^

note:   trigger 1 of 1:
   --> /home/bepis/prog/verus-cad/tactus-group-theory/src/runtime.rs:308:37
    |
308 |                 runtime_symbol_view(result@[k]) ==
    |                                     ^^^^^^^^^^

note: Verus printed one or more automatically chosen quantifier triggers
      because it had low confidence in the chosen triggers.
      To suppress these messages, do one of the following:
        (1) manually annotate a single desired trigger using #[trigger]
            (example: forall|i: int, j: int| f(i) && #[trigger] g(i) && #[trigger] h(j)),
        (2) manually annotate multiple desired triggers using #![trigger ...]
            (example: forall|i: int| #![trigger f(i)] #![trigger g(i)] f(i) && g(i)),
        (3) accept the automatically chosen trigger using #![auto]
            (example: forall|i: int, j: int| #![auto] f(i) && g(i) && h(j))
        (4) use the --triggers-mode silent command-line option to suppress all printing of triggers.
      (Note: triggers are used by the underlying SMT theorem prover to instantiate quantifiers;
      the theorem prover instantiates a quantifier whenever some expression matches the
      pattern specified by one of the quantifier's triggers.)
   --> /home/bepis/prog/verus-cad/tactus-group-theory/src/runtime.rs:307:13
    |
307 | /             forall|k: int| 0 <= k < result@.len() ==>
308 | |                 runtime_symbol_view(result@[k]) ==
309 | |                     inverse_symbol(runtime_word_view(w@)[(w@.len() - 1 - k) as int]),
    | |____________________________________________________________________________________^

note: tactus: --emit-lean wrote /home/bepis/prog/verus-cad/tactus-bootstrap/probe-w0/probe11_w3_tgt/out/lib/sourcemap.json (13 fns); Lean run skipped

note: tactus: cert: certified 269/1650 fns
          280  rawvir-block
          254  rawvir-ctor
          150  rawvir-readplace-nonlocal
          142  rawvir-closure
          108  typ-specfn
           80  rawvir-unary-nonclip
           78  rawvir-call-arity
           74  rawvir-multi
           43  rawvir-dt-struct
           40  rawvir-arrayliteral
           32  rawvir-withtriggers
           23  rawvir-def-poly
           20  rawvir-choose
           14  rawvir-place
           12  rawvir-arm-pat
            8  rawvir-call-nonfun
            4  ed-field-pat
            4  rawvir-binaryopr
            4  rawvir-dt-poly
            4  rawvir-field-pat
            2  assert-forall
            2  break-or-continue
            2  rawvir-unaryopr
            1  call-unit-dest

note: tactus: closers: 28 script (A:17 B:3 C:8) / 0 s1-omega / 0 rung:formB / 25 rung:formE / 0 rung:formB+formE / 0 rung-only / 17 user-supplied

verification results:: 24 verified, 0 errors (partial verification with `--verify-*`)
warning: 1 warning emitted

