file,theorem,kind,n_lemmas,axis1,axis2,verified,lemmas
base_swap__lemma_add_derivable_relators_iff,_tactus_postcondition_base_swap.lemma_add_derivable_relators_iff_at_base_swap_285_9_10,postcondition,12,DERIVABLE,REWRITE-CLOSURE(fixed-core),yes,and_imp;forall_eq;and_self;implies_true;eq_iff_iff;true_and;Nat.zero_add;Int.cast_ofNat_Int;Int.zero_add;Int.sub_zero;Nat.add_zero;Int.natCast_add
base_swap__lemma_add_derivable_relators_iff,_tactus_postcondition_base_swap.lemma_add_derivable_relators_iff_at_base_swap_285_9_5,postcondition,13,DERIVABLE,REWRITE-CLOSURE(fixed-core),yes,and_imp;forall_eq;and_self;implies_true;eq_iff_iff;true_and;Nat.zero_add;Int.cast_ofNat_Int;Int.zero_add;Int.sub_zero;Nat.add_zero;Int.natCast_add;imp_self
base_swap__lemma_add_derivable_relators_iff,_tactus_postcondition_base_swap.lemma_add_derivable_relators_iff_at_base_swap_285_9_6,postcondition,13,DERIVABLE,REWRITE-CLOSURE(fixed-core),yes,and_imp;forall_eq;and_self;implies_true;eq_iff_iff;true_and;Nat.zero_add;Int.cast_ofNat_Int;Int.zero_add;Int.sub_zero;Nat.add_zero;Int.natCast_add;not_true_eq_false
base_swap__lemma_add_derivable_relators_iff,_tactus_postcondition_base_swap.lemma_add_derivable_relators_iff_at_base_swap_285_9_9,postcondition,12,DERIVABLE,REWRITE-CLOSURE(fixed-core),yes,and_imp;forall_eq;and_self;implies_true;eq_iff_iff;true_and;Nat.zero_add;Int.cast_ofNat_Int;Int.zero_add;Int.sub_zero;Nat.add_zero;Int.natCast_add
base_swap__lemma_add_derivable_relators_iff,_tactus_precondition_base_swap.lemma_add_derivable_relators_iff_at_base_swap_289_9_2,precondition,12,DERIVABLE,REWRITE-CLOSURE(fixed-core),yes,and_imp;forall_eq;and_self;implies_true;eq_iff_iff;true_and;Nat.zero_add;Int.cast_ofNat_Int;Int.zero_add;Int.sub_zero;Nat.add_zero;Int.natCast_add
base_swap__lemma_add_derivable_relators_iff,_tactus_precondition_base_swap.lemma_add_derivable_relators_iff_at_base_swap_292_9_4,precondition,13,DERIVABLE,REWRITE-CLOSURE(fixed-core),yes,and_imp;forall_eq;and_self;implies_true;eq_iff_iff;true_and;Nat.zero_add;Int.cast_ofNat_Int;Int.zero_add;Int.sub_zero;Nat.add_zero;Int.natCast_add;imp_self
base_swap__lemma_add_derivable_relators_iff,_tactus_precondition_base_swap.lemma_add_derivable_relators_iff_at_base_swap_292_9_8,precondition,12,DERIVABLE,REWRITE-CLOSURE(fixed-core),yes,and_imp;forall_eq;and_self;implies_true;eq_iff_iff;true_and;Nat.zero_add;Int.cast_ofNat_Int;Int.zero_add;Int.sub_zero;Nat.add_zero;Int.natCast_add
base_swap__lemma_same_group_iff,_tactus_postcondition_base_swap.lemma_same_group_iff_at_base_swap_447_9_10,postcondition,12,DERIVABLE,REWRITE-CLOSURE(fixed-core),yes,and_imp;forall_eq;and_self;implies_true;eq_iff_iff;true_and;Nat.zero_add;Int.cast_ofNat_Int;Int.zero_add;Int.sub_zero;Nat.add_zero;Int.natCast_add
base_swap__lemma_same_group_iff,_tactus_postcondition_base_swap.lemma_same_group_iff_at_base_swap_447_9_5,postcondition,13,DERIVABLE,REWRITE-CLOSURE(fixed-core),yes,and_imp;forall_eq;and_self;implies_true;eq_iff_iff;true_and;Nat.zero_add;Int.cast_ofNat_Int;Int.zero_add;Int.sub_zero;Nat.add_zero;Int.natCast_add;imp_self
base_swap__lemma_same_group_iff,_tactus_postcondition_base_swap.lemma_same_group_iff_at_base_swap_447_9_6,postcondition,13,DERIVABLE,REWRITE-CLOSURE(fixed-core),yes,and_imp;forall_eq;and_self;implies_true;eq_iff_iff;true_and;Nat.zero_add;Int.cast_ofNat_Int;Int.zero_add;Int.sub_zero;Nat.add_zero;Int.natCast_add;not_true_eq_false
base_swap__lemma_same_group_iff,_tactus_postcondition_base_swap.lemma_same_group_iff_at_base_swap_447_9_9,postcondition,12,DERIVABLE,REWRITE-CLOSURE(fixed-core),yes,and_imp;forall_eq;and_self;implies_true;eq_iff_iff;true_and;Nat.zero_add;Int.cast_ofNat_Int;Int.zero_add;Int.sub_zero;Nat.add_zero;Int.natCast_add
base_swap__lemma_same_group_iff,_tactus_precondition_base_swap.lemma_same_group_iff_at_base_swap_451_9_2,precondition,12,DERIVABLE,REWRITE-CLOSURE(fixed-core),yes,and_imp;forall_eq;and_self;implies_true;eq_iff_iff;true_and;Nat.zero_add;Int.cast_ofNat_Int;Int.zero_add;Int.sub_zero;Nat.add_zero;Int.natCast_add
base_swap__lemma_same_group_iff,_tactus_precondition_base_swap.lemma_same_group_iff_at_base_swap_455_9_4,precondition,13,DERIVABLE,REWRITE-CLOSURE(fixed-core),yes,and_imp;forall_eq;and_self;implies_true;eq_iff_iff;true_and;Nat.zero_add;Int.cast_ofNat_Int;Int.zero_add;Int.sub_zero;Nat.add_zero;Int.natCast_add;imp_self
base_swap__lemma_same_group_iff,_tactus_precondition_base_swap.lemma_same_group_iff_at_base_swap_455_9_8,precondition,12,DERIVABLE,REWRITE-CLOSURE(fixed-core),yes,and_imp;forall_eq;and_self;implies_true;eq_iff_iff;true_and;Nat.zero_add;Int.cast_ofNat_Int;Int.zero_add;Int.sub_zero;Nat.add_zero;Int.natCast_add
britton_via_tower__lemma_group_cancel_right,_tactus_postcondition_britton_via_tower.lemma_group_cancel_right_at_britton_via_tower_6227_9_21,postcondition,12,DERIVABLE,REWRITE-CLOSURE(fixed-core),yes,and_imp;forall_eq;and_self;implies_true;eq_iff_iff;true_and;Nat.zero_add;Int.cast_ofNat_Int;Int.zero_add;Int.sub_zero;Nat.add_zero;Int.natCast_add
britton_via_tower__lemma_group_cancel_right,_tactus_precondition_britton_via_tower.lemma_group_cancel_right_at_britton_via_tower_6229_5_2,precondition,12,DERIVABLE,REWRITE-CLOSURE(fixed-core),yes,and_imp;forall_eq;and_self;implies_true;eq_iff_iff;true_and;Nat.zero_add;Int.cast_ofNat_Int;Int.zero_add;Int.sub_zero;Nat.add_zero;Int.natCast_add
britton_via_tower__lemma_group_cancel_right,_tactus_precondition_britton_via_tower.lemma_group_cancel_right_at_britton_via_tower_6230_5_4,precondition,12,DERIVABLE,REWRITE-CLOSURE(fixed-core),yes,and_imp;forall_eq;and_self;implies_true;eq_iff_iff;true_and;Nat.zero_add;Int.cast_ofNat_Int;Int.zero_add;Int.sub_zero;Nat.add_zero;Int.natCast_add
britton_via_tower__lemma_group_cancel_right,_tactus_precondition_britton_via_tower.lemma_group_cancel_right_at_britton_via_tower_6231_5_6,precondition,12,DERIVABLE,REWRITE-CLOSURE(fixed-core),yes,and_imp;forall_eq;and_self;implies_true;eq_iff_iff;true_and;Nat.zero_add;Int.cast_ofNat_Int;Int.zero_add;Int.sub_zero;Nat.add_zero;Int.natCast_add
britton_via_tower__lemma_group_cancel_right,_tactus_precondition_britton_via_tower.lemma_group_cancel_right_at_britton_via_tower_6233_5_8,precondition,12,DERIVABLE,REWRITE-CLOSURE(fixed-core),yes,and_imp;forall_eq;and_self;implies_true;eq_iff_iff;true_and;Nat.zero_add;Int.cast_ofNat_Int;Int.zero_add;Int.sub_zero;Nat.add_zero;Int.natCast_add
britton_via_tower__lemma_group_cancel_right,_tactus_precondition_britton_via_tower.lemma_group_cancel_right_at_britton_via_tower_6235_5_10,precondition,12,DERIVABLE,REWRITE-CLOSURE(fixed-core),yes,and_imp;forall_eq;and_self;implies_true;eq_iff_iff;true_and;Nat.zero_add;Int.cast_ofNat_Int;Int.zero_add;Int.sub_zero;Nat.add_zero;Int.natCast_add
britton_via_tower__lemma_group_cancel_right,_tactus_precondition_britton_via_tower.lemma_group_cancel_right_at_britton_via_tower_6237_5_12,precondition,12,DERIVABLE,REWRITE-CLOSURE(fixed-core),yes,and_imp;forall_eq;and_self;implies_true;eq_iff_iff;true_and;Nat.zero_add;Int.cast_ofNat_Int;Int.zero_add;Int.sub_zero;Nat.add_zero;Int.natCast_add
britton_via_tower__lemma_group_cancel_right,_tactus_precondition_britton_via_tower.lemma_group_cancel_right_at_britton_via_tower_6239_5_14,precondition,12,DERIVABLE,REWRITE-CLOSURE(fixed-core),yes,and_imp;forall_eq;and_self;implies_true;eq_iff_iff;true_and;Nat.zero_add;Int.cast_ofNat_Int;Int.zero_add;Int.sub_zero;Nat.add_zero;Int.natCast_add
britton_via_tower__lemma_group_cancel_right,_tactus_precondition_britton_via_tower.lemma_group_cancel_right_at_britton_via_tower_6240_5_16,precondition,12,DERIVABLE,REWRITE-CLOSURE(fixed-core),yes,and_imp;forall_eq;and_self;implies_true;eq_iff_iff;true_and;Nat.zero_add;Int.cast_ofNat_Int;Int.zero_add;Int.sub_zero;Nat.add_zero;Int.natCast_add
britton_via_tower__lemma_group_cancel_right,_tactus_precondition_britton_via_tower.lemma_group_cancel_right_at_britton_via_tower_6241_5_18,precondition,12,DERIVABLE,REWRITE-CLOSURE(fixed-core),yes,and_imp;forall_eq;and_self;implies_true;eq_iff_iff;true_and;Nat.zero_add;Int.cast_ofNat_Int;Int.zero_add;Int.sub_zero;Nat.add_zero;Int.natCast_add
britton_via_tower__lemma_group_cancel_right,_tactus_precondition_britton_via_tower.lemma_group_cancel_right_at_britton_via_tower_6244_5_20,precondition,12,DERIVABLE,REWRITE-CLOSURE(fixed-core),yes,and_imp;forall_eq;and_self;implies_true;eq_iff_iff;true_and;Nat.zero_add;Int.cast_ofNat_Int;Int.zero_add;Int.sub_zero;Nat.add_zero;Int.natCast_add
britton_via_tower__lemma_hnn_relator_preserves,_tactus_precondition_britton_via_tower.lemma_hnn_relator_preserves_at_britton_via_tower_7262_5_2,precondition,12,DERIVABLE,REWRITE-CLOSURE(fixed-core),yes,and_imp;forall_eq;and_self;implies_true;eq_iff_iff;true_and;Nat.zero_add;Int.cast_ofNat_Int;Int.zero_add;Int.sub_zero;Nat.add_zero;Int.natCast_add
britton_via_tower__lemma_inv_shift_word_valid_for_tower,_tactus_postcondition_britton_via_tower.lemma_inv_shift_word_valid_for_tower_at_britton_via_tower_1175_9_5,postcondition,12,DERIVABLE,REWRITE-CLOSURE(fixed-core),yes,and_imp;forall_eq;and_self;implies_true;eq_iff_iff;true_and;Nat.zero_add;Int.cast_ofNat_Int;Int.zero_add;Int.sub_zero;Nat.add_zero;Int.natCast_add
britton_via_tower__lemma_inv_shift_word_valid_for_tower,_tactus_precondition_britton_via_tower.lemma_inv_shift_word_valid_for_tower_at_britton_via_tower_1179_5_2,precondition,12,DERIVABLE,REWRITE-CLOSURE(fixed-core),yes,and_imp;forall_eq;and_self;implies_true;eq_iff_iff;true_and;Nat.zero_add;Int.cast_ofNat_Int;Int.zero_add;Int.sub_zero;Nat.add_zero;Int.natCast_add
britton_via_tower__lemma_inv_shift_word_valid_for_tower,_tactus_precondition_britton_via_tower.lemma_inv_shift_word_valid_for_tower_at_britton_via_tower_1180_5_4,precondition,12,DERIVABLE,REWRITE-CLOSURE(fixed-core),yes,and_imp;forall_eq;and_self;implies_true;eq_iff_iff;true_and;Nat.zero_add;Int.cast_ofNat_Int;Int.zero_add;Int.sub_zero;Nat.add_zero;Int.natCast_add
britton_via_tower__lemma_no_pinch_action_nontrivial,_tactus_postcondition_britton_via_tower.lemma_no_pinch_action_nontrivial_at_britton_via_tower_7883_9_7,postcondition,13,DERIVABLE,REWRITE-CLOSURE(core-extended),yes,and_imp;forall_eq;and_self;implies_true;eq_iff_iff;true_and;Nat.zero_add;Int.cast_ofNat_Int;Int.zero_add;Int.sub_zero;Nat.add_zero;Int.natCast_add;ge_iff_le
britton_via_tower__lemma_no_pinch_action_nontrivial,_tactus_precondition_britton_via_tower.lemma_no_pinch_action_nontrivial_at_britton_via_tower_7886_5_2,precondition,13,DERIVABLE,REWRITE-CLOSURE(fixed-core),yes,and_imp;forall_eq;and_self;implies_true;eq_iff_iff;true_and;Nat.zero_add;Int.cast_ofNat_Int;Int.zero_add;Int.sub_zero;Nat.add_zero;Int.natCast_add;not_false_eq_true
britton_via_tower__lemma_no_pinch_action_nontrivial,_tactus_precondition_britton_via_tower.lemma_no_pinch_action_nontrivial_at_britton_via_tower_7887_5_4,precondition,12,DERIVABLE,REWRITE-CLOSURE(fixed-core),yes,and_imp;forall_eq;and_self;implies_true;eq_iff_iff;true_and;Nat.zero_add;Int.cast_ofNat_Int;Int.zero_add;Int.sub_zero;Nat.add_zero;Int.natCast_add
britton_via_tower__lemma_no_pinch_action_nontrivial,_tactus_precondition_britton_via_tower.lemma_no_pinch_action_nontrivial_at_britton_via_tower_7888_5_6,precondition,12,DERIVABLE,REWRITE-CLOSURE(fixed-core),yes,and_imp;forall_eq;and_self;implies_true;eq_iff_iff;true_and;Nat.zero_add;Int.cast_ofNat_Int;Int.zero_add;Int.sub_zero;Nat.add_zero;Int.natCast_add
britton_via_tower__lemma_not_in_left_subgroup_rep_nonempty,_tactus_postcondition_britton_via_tower.lemma_not_in_left_subgroup_rep_nonempty_at_britton_via_tower_2867_9_3,postcondition,14,DERIVABLE,REWRITE-CLOSURE(core-extended),yes,and_imp;forall_eq;and_self;implies_true;eq_iff_iff;true_and;Nat.zero_add;Int.cast_ofNat_Int;Int.zero_add;Int.sub_zero;Nat.add_zero;Int.natCast_add;imp_false;not_true_eq_false
britton_via_tower__lemma_not_in_left_subgroup_rep_nonempty,_tactus_postcondition_britton_via_tower.lemma_not_in_left_subgroup_rep_nonempty_at_britton_via_tower_2867_9_4,postcondition,15,DERIVABLE,REWRITE-CLOSURE(core-extended),yes,and_imp;forall_eq;and_self;implies_true;eq_iff_iff;true_and;Nat.zero_add;Int.cast_ofNat_Int;Int.zero_add;Int.sub_zero;Nat.add_zero;Int.natCast_add;not_and;Classical.not_forall;not_imp
britton_via_tower__lemma_not_in_left_subgroup_rep_nonempty,_tactus_precondition_britton_via_tower.lemma_not_in_left_subgroup_rep_nonempty_at_britton_via_tower_2870_9_2,precondition,12,DERIVABLE,REWRITE-CLOSURE(fixed-core),yes,and_imp;forall_eq;and_self;implies_true;eq_iff_iff;true_and;Nat.zero_add;Int.cast_ofNat_Int;Int.zero_add;Int.sub_zero;Nat.add_zero;Int.natCast_add
britton_via_tower__lemma_not_in_right_subgroup_rep_nonempty,_tactus_postcondition_britton_via_tower.lemma_not_in_right_subgroup_rep_nonempty_at_britton_via_tower_2850_9_3,postcondition,13,DERIVABLE,REWRITE-CLOSURE(fixed-core),yes,and_imp;forall_eq;and_self;implies_true;eq_iff_iff;true_and;Nat.zero_add;Int.cast_ofNat_Int;Int.zero_add;Int.sub_zero;Nat.add_zero;Int.natCast_add;not_true_eq_false
britton_via_tower__lemma_not_in_right_subgroup_rep_nonempty,_tactus_postcondition_britton_via_tower.lemma_not_in_right_subgroup_rep_nonempty_at_britton_via_tower_2850_9_4,postcondition,15,DERIVABLE,REWRITE-CLOSURE(core-extended),yes,and_imp;forall_eq;and_self;implies_true;eq_iff_iff;true_and;Nat.zero_add;Int.cast_ofNat_Int;Int.zero_add;Int.sub_zero;Nat.add_zero;Int.natCast_add;not_and;Classical.not_forall;not_imp
britton_via_tower__lemma_not_in_right_subgroup_rep_nonempty,_tactus_precondition_britton_via_tower.lemma_not_in_right_subgroup_rep_nonempty_at_britton_via_tower_2854_9_2,precondition,12,DERIVABLE,REWRITE-CLOSURE(fixed-core),yes,and_imp;forall_eq;and_self;implies_true;eq_iff_iff;true_and;Nat.zero_add;Int.cast_ofNat_Int;Int.zero_add;Int.sub_zero;Nat.add_zero;Int.natCast_add
britton_via_tower__lemma_stable_pair_inv_gen,_tactus_precondition_britton_via_tower.lemma_stable_pair_inv_gen_at_britton_via_tower_7189_9_2,precondition,17,DERIVABLE,REWRITE-CLOSURE(core-extended),yes,gt_iff_lt;and_imp;not_and;Classical.not_forall;not_imp;forall_eq;and_self;implies_true;eq_iff_iff;true_and;Nat.zero_add;Int.cast_ofNat_Int;Int.zero_add;Int.sub_zero;Nat.add_zero;Int.natCast_add;not_false_eq_true
britton_via_tower__lemma_stable_pair_inv_gen,_tactus_precondition_britton_via_tower.lemma_stable_pair_inv_gen_at_britton_via_tower_7191_9_5,precondition,18,MIN-FAILS,MIN-FAILS,NO,gt_iff_lt;and_imp;not_and;Classical.not_forall;not_imp;forall_eq;and_self;implies_true;eq_iff_iff;true_and;Nat.zero_add;Int.cast_ofNat_Int;Int.zero_add;Int.sub_zero;Nat.add_zero;Int.natCast_add;Decidable.not_not;imp_self
britton_via_tower__lemma_stable_pair_inv_gen,_tactus_precondition_britton_via_tower.lemma_stable_pair_inv_gen_at_britton_via_tower_7193_9_8,precondition,19,MIN-FAILS,MIN-FAILS,NO,gt_iff_lt;and_imp;not_and;Classical.not_forall;not_imp;forall_eq;and_self;implies_true;eq_iff_iff;true_and;Nat.zero_add;Int.cast_ofNat_Int;Int.zero_add;Int.sub_zero;Nat.add_zero;Int.natCast_add;Decidable.not_not;not_true_eq_false;false_implies
britton_via_tower__lemma_subgroup_right_cancel,_tactus_postcondition_britton_via_tower.lemma_subgroup_right_cancel_at_britton_via_tower_2887_9_9,postcondition,12,DERIVABLE,REWRITE-CLOSURE(fixed-core),yes,and_imp;forall_eq;and_self;implies_true;eq_iff_iff;true_and;Nat.zero_add;Int.cast_ofNat_Int;Int.zero_add;Int.sub_zero;Nat.add_zero;Int.natCast_add
britton_via_tower__lemma_subgroup_right_cancel,_tactus_precondition_britton_via_tower.lemma_subgroup_right_cancel_at_britton_via_tower_2891_5_2,precondition,12,DERIVABLE,REWRITE-CLOSURE(fixed-core),yes,and_imp;forall_eq;and_self;implies_true;eq_iff_iff;true_and;Nat.zero_add;Int.cast_ofNat_Int;Int.zero_add;Int.sub_zero;Nat.add_zero;Int.natCast_add
britton_via_tower__lemma_subgroup_right_cancel,_tactus_precondition_britton_via_tower.lemma_subgroup_right_cancel_at_britton_via_tower_2893_5_4,precondition,12,DERIVABLE,REWRITE-CLOSURE(fixed-core),yes,and_imp;forall_eq;and_self;implies_true;eq_iff_iff;true_and;Nat.zero_add;Int.cast_ofNat_Int;Int.zero_add;Int.sub_zero;Nat.add_zero;Int.natCast_add
britton_via_tower__lemma_subgroup_right_cancel,_tactus_precondition_britton_via_tower.lemma_subgroup_right_cancel_at_britton_via_tower_2895_5_6,precondition,12,DERIVABLE,REWRITE-CLOSURE(fixed-core),yes,and_imp;forall_eq;and_self;implies_true;eq_iff_iff;true_and;Nat.zero_add;Int.cast_ofNat_Int;Int.zero_add;Int.sub_zero;Nat.add_zero;Int.natCast_add
britton_via_tower__lemma_subgroup_right_cancel,_tactus_precondition_britton_via_tower.lemma_subgroup_right_cancel_at_britton_via_tower_2897_5_8,precondition,12,DERIVABLE,REWRITE-CLOSURE(fixed-core),yes,and_imp;forall_eq;and_self;implies_true;eq_iff_iff;true_and;Nat.zero_add;Int.cast_ofNat_Int;Int.zero_add;Int.sub_zero;Nat.add_zero;Int.natCast_add
britton_via_tower__lemma_textbook_base_case,_tactus_postcondition_britton_via_tower.lemma_textbook_base_case_at_britton_via_tower_5299_9_6,postcondition,12,DERIVABLE,REWRITE-CLOSURE(fixed-core),yes,and_imp;forall_eq;and_self;implies_true;eq_iff_iff;true_and;Nat.zero_add;Int.cast_ofNat_Int;Int.zero_add;Int.sub_zero;Nat.add_zero;Int.natCast_add
britton_via_tower__lemma_textbook_base_case,_tactus_precondition_britton_via_tower.lemma_textbook_base_case_at_britton_via_tower_5304_10_2,precondition,12,DERIVABLE,REWRITE-CLOSURE(fixed-core),yes,and_imp;forall_eq;and_self;implies_true;eq_iff_iff;true_and;Nat.zero_add;Int.cast_ofNat_Int;Int.zero_add;Int.sub_zero;Nat.add_zero;Int.natCast_add
britton_via_tower__lemma_textbook_base_case,_tactus_precondition_britton_via_tower.lemma_textbook_base_case_at_britton_via_tower_5305_5_5,precondition,13,DERIVABLE,REWRITE-CLOSURE(fixed-core),yes,and_imp;forall_eq;and_self;implies_true;eq_iff_iff;true_and;Nat.zero_add;Int.cast_ofNat_Int;Int.zero_add;Int.sub_zero;Nat.add_zero;Int.natCast_add;not_false_eq_true
cohen_bridge__lemma_C_faithful_printable_canonical,_tactus_postcondition_cohen_bridge.lemma_C_faithful_printable_canonical_at_cohen_bridge_136_9_5,postcondition,12,DERIVABLE,REWRITE-CLOSURE(fixed-core),yes,and_imp;forall_eq;and_self;implies_true;eq_iff_iff;true_and;Nat.zero_add;Int.cast_ofNat_Int;Int.zero_add;Int.sub_zero;Nat.add_zero;Int.natCast_add
cohen_bridge__lemma_C_faithful_printable_canonical,_tactus_precondition_cohen_bridge.lemma_C_faithful_printable_canonical_at_cohen_bridge_140_5_4,precondition,12,DERIVABLE,REWRITE-CLOSURE(fixed-core),yes,and_imp;forall_eq;and_self;implies_true;eq_iff_iff;true_and;Nat.zero_add;Int.cast_ofNat_Int;Int.zero_add;Int.sub_zero;Nat.add_zero;Int.natCast_add
cohen_cs5__lemma_cs5_wbc_split_pred,_tactus_postcondition_cohen_cs5.lemma_cs5_wbc_split_pred_at_cohen_cs5_532_9_5,postcondition,12,DERIVABLE,REWRITE-CLOSURE(fixed-core),yes,and_imp;forall_eq;and_self;implies_true;eq_iff_iff;true_and;Nat.zero_add;Int.cast_ofNat_Int;Int.zero_add;Int.sub_zero;Nat.add_zero;Int.natCast_add
cohen_cs5_recog__lemma_db_proj_fixes_config,_tactus_precondition_cohen_cs5_recog.lemma_db_proj_fixes_config_at_cohen_cs5_recog_1603_5_4,precondition,14,DERIVABLE,REWRITE-CLOSURE(core-extended)+omega,omega-tail,and_imp;forall_eq;and_self;implies_true;eq_iff_iff;true_and;Nat.zero_add;Int.cast_ofNat_Int;Int.zero_add;Int.sub_zero;Nat.add_zero;Int.natCast_add;forall_const;Int.ofNat_zero_le
cohen_cs5_recog__lemma_db_proj_fixes_config,_tactus_precondition_cohen_cs5_recog.lemma_db_proj_fixes_config_at_cohen_cs5_recog_1604_5_6,precondition,12,DERIVABLE,REWRITE-CLOSURE(fixed-core),yes,and_imp;forall_eq;and_self;implies_true;eq_iff_iff;true_and;Nat.zero_add;Int.cast_ofNat_Int;Int.zero_add;Int.sub_zero;Nat.add_zero;Int.natCast_add
cohen_cs5_recog__lemma_rho_acol_identity_word,_tactus_assert_cohen_cs5_recog.lemma_rho_acol_identity_word_at_cohen_cs5_recog_1475_12_5,assert,13,DERIVABLE,REWRITE-CLOSURE(fixed-core),yes,and_imp;forall_eq;and_self;implies_true;eq_iff_iff;true_and;Nat.zero_add;Int.cast_ofNat_Int;Int.zero_add;Int.sub_zero;Nat.add_zero;Int.natCast_add;imp_self
cohen_cs5_recog__lemma_rho_acol_identity_word,_tactus_assert_cohen_cs5_recog.lemma_rho_acol_identity_word_at_cohen_cs5_recog_1481_17_10,assert,14,DERIVABLE,REWRITE-CLOSURE(fixed-core),yes,and_imp;forall_eq;and_self;implies_true;eq_iff_iff;true_and;Nat.zero_add;Int.cast_ofNat_Int;Int.zero_add;Int.sub_zero;Nat.add_zero;Int.natCast_add;forall_const;imp_self
cohen_cs5_recog__lemma_rho_acol_identity_word,_tactus_postcondition_cohen_cs5_recog.lemma_rho_acol_identity_word_at_cohen_cs5_recog_1468_9_13,postcondition,13,DERIVABLE,REWRITE-CLOSURE(fixed-core),yes,and_imp;forall_eq;and_self;implies_true;eq_iff_iff;true_and;Nat.zero_add;Int.cast_ofNat_Int;Int.zero_add;Int.sub_zero;Nat.add_zero;Int.natCast_add;forall_const
cohen_cs5_recog__lemma_rho_acol_identity_word,_tactus_precondition_cohen_cs5_recog.lemma_rho_acol_identity_word_at_cohen_cs5_recog_1476_9_4,precondition,15,DERIVABLE,REWRITE-CLOSURE(core-extended),yes,and_imp;forall_eq;and_self;implies_true;eq_iff_iff;true_and;Nat.zero_add;Int.cast_ofNat_Int;Int.zero_add;Int.sub_zero;Nat.add_zero;Int.natCast_add;Nat.add_le_add_iff_right;Nat.le_add_right;imp_self
cohen_cs5_recog__lemma_rho_acol_identity_word,_tactus_precondition_cohen_cs5_recog.lemma_rho_acol_identity_word_at_cohen_cs5_recog_1478_5_7,precondition,13,DERIVABLE,REWRITE-CLOSURE(fixed-core),yes,and_imp;forall_eq;and_self;implies_true;eq_iff_iff;true_and;Nat.zero_add;Int.cast_ofNat_Int;Int.zero_add;Int.sub_zero;Nat.add_zero;Int.natCast_add;forall_const
cohen_cs5_recog__lemma_rho_acol_identity_word,_tactus_precondition_cohen_cs5_recog.lemma_rho_acol_identity_word_at_cohen_cs5_recog_1482_9_9,precondition,14,DERIVABLE,REWRITE-CLOSURE(fixed-core),yes,and_imp;forall_eq;and_self;implies_true;eq_iff_iff;true_and;Nat.zero_add;Int.cast_ofNat_Int;Int.zero_add;Int.sub_zero;Nat.add_zero;Int.natCast_add;forall_const;imp_self
cohen_cs5_recog__lemma_rho_acol_identity_word,_tactus_precondition_cohen_cs5_recog.lemma_rho_acol_identity_word_at_cohen_cs5_recog_1484_5_12,precondition,13,DERIVABLE,REWRITE-CLOSURE(fixed-core),yes,and_imp;forall_eq;and_self;implies_true;eq_iff_iff;true_and;Nat.zero_add;Int.cast_ofNat_Int;Int.zero_add;Int.sub_zero;Nat.add_zero;Int.natCast_add;forall_const
cohen_cs6__lemma_C_faithful,_tactus_postcondition_cohen_cs6.lemma_C_faithful_at_cohen_cs6_114_9_7,postcondition,12,DERIVABLE,REWRITE-CLOSURE(fixed-core),yes,and_imp;forall_eq;and_self;implies_true;eq_iff_iff;true_and;Nat.zero_add;Int.cast_ofNat_Int;Int.zero_add;Int.sub_zero;Nat.add_zero;Int.natCast_add
cohen_cs6__lemma_C_faithful,_tactus_precondition_cohen_cs6.lemma_C_faithful_at_cohen_cs6_117_5_2,precondition,12,DERIVABLE,REWRITE-CLOSURE(fixed-core),yes,and_imp;forall_eq;and_self;implies_true;eq_iff_iff;true_and;Nat.zero_add;Int.cast_ofNat_Int;Int.zero_add;Int.sub_zero;Nat.add_zero;Int.natCast_add
cohen_cs6__lemma_C_faithful,_tactus_precondition_cohen_cs6.lemma_C_faithful_at_cohen_cs6_118_5_4,precondition,12,DERIVABLE,REWRITE-CLOSURE(fixed-core),yes,and_imp;forall_eq;and_self;implies_true;eq_iff_iff;true_and;Nat.zero_add;Int.cast_ofNat_Int;Int.zero_add;Int.sub_zero;Nat.add_zero;Int.natCast_add
cohen_cs6__lemma_C_faithful,_tactus_precondition_cohen_cs6.lemma_C_faithful_at_cohen_cs6_119_5_6,precondition,12,DERIVABLE,REWRITE-CLOSURE(fixed-core),yes,and_imp;forall_eq;and_self;implies_true;eq_iff_iff;true_and;Nat.zero_add;Int.cast_ofNat_Int;Int.zero_add;Int.sub_zero;Nat.add_zero;Int.natCast_add
cohen_cs7__lemma_C_faithful_printable,_tactus_postcondition_cohen_cs7.lemma_C_faithful_printable_at_cohen_cs7_290_9_7,postcondition,12,DERIVABLE,REWRITE-CLOSURE(fixed-core),yes,and_imp;forall_eq;and_self;implies_true;eq_iff_iff;true_and;Nat.zero_add;Int.cast_ofNat_Int;Int.zero_add;Int.sub_zero;Nat.add_zero;Int.natCast_add
cohen_cs7__lemma_C_faithful_printable,_tactus_precondition_cohen_cs7.lemma_C_faithful_printable_at_cohen_cs7_293_5_2,precondition,12,DERIVABLE,REWRITE-CLOSURE(fixed-core),yes,and_imp;forall_eq;and_self;implies_true;eq_iff_iff;true_and;Nat.zero_add;Int.cast_ofNat_Int;Int.zero_add;Int.sub_zero;Nat.add_zero;Int.natCast_add
cohen_cs7__lemma_C_faithful_printable,_tactus_precondition_cohen_cs7.lemma_C_faithful_printable_at_cohen_cs7_294_5_4,precondition,12,DERIVABLE,REWRITE-CLOSURE(fixed-core),yes,and_imp;forall_eq;and_self;implies_true;eq_iff_iff;true_and;Nat.zero_add;Int.cast_ofNat_Int;Int.zero_add;Int.sub_zero;Nat.add_zero;Int.natCast_add
cohen_cs7__lemma_C_faithful_printable,_tactus_precondition_cohen_cs7.lemma_C_faithful_printable_at_cohen_cs7_295_5_6,precondition,12,DERIVABLE,REWRITE-CLOSURE(fixed-core),yes,and_imp;forall_eq;and_self;implies_true;eq_iff_iff;true_and;Nat.zero_add;Int.cast_ofNat_Int;Int.zero_add;Int.sub_zero;Nat.add_zero;Int.natCast_add
cohen_cs7__lemma_h3_upto_gens_match,_tactus_postcondition_cohen_cs7.lemma_h3_upto_gens_match_at_cohen_cs7_64_9_4,postcondition,13,DERIVABLE,REWRITE-CLOSURE(core-extended),yes,and_imp;forall_eq;and_self;implies_true;eq_iff_iff;true_and;Nat.zero_add;Int.cast_ofNat_Int;Int.zero_add;Int.sub_zero;Nat.add_zero;Int.natCast_add;Nat.add_left_cancel_iff
cohen_layer05__lemma_c0_embeds_in_c_iff,_tactus_postcondition_cohen_layer05.lemma_c0_embeds_in_c_iff_at_cohen_layer05_806_9_10,postcondition,12,DERIVABLE,REWRITE-CLOSURE(fixed-core),yes,and_imp;forall_eq;and_self;implies_true;eq_iff_iff;true_and;Nat.zero_add;Int.cast_ofNat_Int;Int.zero_add;Int.sub_zero;Nat.add_zero;Int.natCast_add
cohen_layer05__lemma_c0_embeds_in_c_iff,_tactus_postcondition_cohen_layer05.lemma_c0_embeds_in_c_iff_at_cohen_layer05_806_9_5,postcondition,13,DERIVABLE,REWRITE-CLOSURE(fixed-core),yes,and_imp;forall_eq;and_self;implies_true;eq_iff_iff;true_and;Nat.zero_add;Int.cast_ofNat_Int;Int.zero_add;Int.sub_zero;Nat.add_zero;Int.natCast_add;imp_self
cohen_layer05__lemma_c0_embeds_in_c_iff,_tactus_postcondition_cohen_layer05.lemma_c0_embeds_in_c_iff_at_cohen_layer05_806_9_6,postcondition,13,DERIVABLE,REWRITE-CLOSURE(fixed-core),yes,and_imp;forall_eq;and_self;implies_true;eq_iff_iff;true_and;Nat.zero_add;Int.cast_ofNat_Int;Int.zero_add;Int.sub_zero;Nat.add_zero;Int.natCast_add;not_true_eq_false
cohen_layer05__lemma_c0_embeds_in_c_iff,_tactus_postcondition_cohen_layer05.lemma_c0_embeds_in_c_iff_at_cohen_layer05_806_9_9,postcondition,12,DERIVABLE,REWRITE-CLOSURE(fixed-core),yes,and_imp;forall_eq;and_self;implies_true;eq_iff_iff;true_and;Nat.zero_add;Int.cast_ofNat_Int;Int.zero_add;Int.sub_zero;Nat.add_zero;Int.natCast_add
cohen_layer05__lemma_c0_embeds_in_c_iff,_tactus_precondition_cohen_layer05.lemma_c0_embeds_in_c_iff_at_cohen_layer05_809_9_2,precondition,12,DERIVABLE,REWRITE-CLOSURE(fixed-core),yes,and_imp;forall_eq;and_self;implies_true;eq_iff_iff;true_and;Nat.zero_add;Int.cast_ofNat_Int;Int.zero_add;Int.sub_zero;Nat.add_zero;Int.natCast_add
cohen_layer05__lemma_c0_embeds_in_c_iff,_tactus_precondition_cohen_layer05.lemma_c0_embeds_in_c_iff_at_cohen_layer05_812_9_4,precondition,13,DERIVABLE,REWRITE-CLOSURE(fixed-core),yes,and_imp;forall_eq;and_self;implies_true;eq_iff_iff;true_and;Nat.zero_add;Int.cast_ofNat_Int;Int.zero_add;Int.sub_zero;Nat.add_zero;Int.natCast_add;imp_self
cohen_layer05__lemma_c0_embeds_in_c_iff,_tactus_precondition_cohen_layer05.lemma_c0_embeds_in_c_iff_at_cohen_layer05_812_9_8,precondition,12,DERIVABLE,REWRITE-CLOSURE(fixed-core),yes,and_imp;forall_eq;and_self;implies_true;eq_iff_iff;true_and;Nat.zero_add;Int.cast_ofNat_Int;Int.zero_add;Int.sub_zero;Nat.add_zero;Int.natCast_add
cohen_retraction__lemma_config_word_no_c,_tactus_postcondition_cohen_retraction.lemma_config_word_no_c_at_cohen_retraction_161_9_7,postcondition,12,DERIVABLE,REWRITE-CLOSURE(fixed-core),yes,and_imp;forall_eq;and_self;implies_true;eq_iff_iff;true_and;Nat.zero_add;Int.cast_ofNat_Int;Int.zero_add;Int.sub_zero;Nat.add_zero;Int.natCast_add
cohen_retraction__lemma_config_word_no_c,_tactus_precondition_cohen_retraction.lemma_config_word_no_c_at_cohen_retraction_166_5_4,precondition,14,DERIVABLE,REWRITE-CLOSURE(core-extended)+omega,omega-tail,and_imp;forall_eq;and_self;implies_true;eq_iff_iff;true_and;Nat.zero_add;Int.cast_ofNat_Int;Int.zero_add;Int.sub_zero;Nat.add_zero;Int.natCast_add;forall_const;Int.ofNat_zero_le
cohen_retraction__lemma_config_word_no_c,_tactus_precondition_cohen_retraction.lemma_config_word_no_c_at_cohen_retraction_167_5_6,precondition,12,DERIVABLE,REWRITE-CLOSURE(fixed-core),yes,and_imp;forall_eq;and_self;implies_true;eq_iff_iff;true_and;Nat.zero_add;Int.cast_ofNat_Int;Int.zero_add;Int.sub_zero;Nat.add_zero;Int.natCast_add
coset_group__lemma_assoc_lhs,_tactus_postcondition_coset_group.lemma_assoc_lhs_at_coset_group_525_9_7,postcondition,14,GOAL-SPECIFIC,REWRITE-CLOSURE(goal-specific),yes,and_imp;lib.option.Option.isSome;lib.option.Option.Some_val0;forall_eq;and_self;implies_true;eq_iff_iff;true_and;Nat.zero_add;Int.cast_ofNat_Int;Int.zero_add;Int.sub_zero;Nat.add_zero;Int.natCast_add
coset_group__lemma_assoc_lhs,_tactus_postcondition_coset_group.lemma_assoc_lhs_at_coset_group_526_9_8,postcondition,14,GOAL-SPECIFIC,REWRITE-CLOSURE(goal-specific),yes,and_imp;lib.option.Option.isSome;lib.option.Option.Some_val0;forall_eq;and_self;implies_true;eq_iff_iff;true_and;Nat.zero_add;Int.cast_ofNat_Int;Int.zero_add;Int.sub_zero;Nat.add_zero;Int.natCast_add
coset_group__lemma_assoc_lhs,_tactus_postcondition_coset_group.lemma_assoc_lhs_at_coset_group_527_9_9,postcondition,14,GOAL-SPECIFIC,REWRITE-CLOSURE(goal-specific),yes,and_imp;lib.option.Option.isSome;lib.option.Option.Some_val0;forall_eq;and_self;implies_true;eq_iff_iff;true_and;Nat.zero_add;Int.cast_ofNat_Int;Int.zero_add;Int.sub_zero;Nat.add_zero;Int.natCast_add
coset_group__lemma_assoc_lhs,_tactus_precondition_coset_group.lemma_assoc_lhs_at_coset_group_530_5_2,precondition,12,DERIVABLE,REWRITE-CLOSURE(fixed-core),yes,and_imp;forall_eq;and_self;implies_true;eq_iff_iff;true_and;Nat.zero_add;Int.cast_ofNat_Int;Int.zero_add;Int.sub_zero;Nat.add_zero;Int.natCast_add
coset_group__lemma_assoc_lhs,_tactus_precondition_coset_group.lemma_assoc_lhs_at_coset_group_532_5_4,precondition,14,GOAL-SPECIFIC,REWRITE-CLOSURE(goal-specific),yes,and_imp;lib.option.Option.isSome;lib.option.Option.Some_val0;forall_eq;and_self;implies_true;eq_iff_iff;true_and;Nat.zero_add;Int.cast_ofNat_Int;Int.zero_add;Int.sub_zero;Nat.add_zero;Int.natCast_add
coset_group__lemma_assoc_lhs,_tactus_precondition_coset_group.lemma_assoc_lhs_at_coset_group_533_5_6,precondition,14,GOAL-SPECIFIC,REWRITE-CLOSURE(goal-specific),yes,and_imp;lib.option.Option.isSome;lib.option.Option.Some_val0;forall_eq;and_self;implies_true;eq_iff_iff;true_and;Nat.zero_add;Int.cast_ofNat_Int;Int.zero_add;Int.sub_zero;Nat.add_zero;Int.natCast_add
coset_group__lemma_assoc_trace_chain,_tactus_precondition_coset_group.lemma_assoc_trace_chain_at_coset_group_511_5_2,precondition,12,DERIVABLE,REWRITE-CLOSURE(fixed-core),yes,and_imp;forall_eq;and_self;implies_true;eq_iff_iff;true_and;Nat.zero_add;Int.cast_ofNat_Int;Int.zero_add;Int.sub_zero;Nat.add_zero;Int.natCast_add
coset_group__lemma_coset_mul_well_defined,_tactus_precondition_coset_group.lemma_coset_mul_well_defined_at_coset_group_375_5_2,precondition,15,DERIVABLE,REWRITE-CLOSURE(core-extended)+omega,omega-tail,and_imp;forall_eq;and_self;implies_true;eq_iff_iff;true_and;Nat.zero_add;Int.cast_ofNat_Int;Int.zero_add;Int.sub_zero;Nat.add_zero;Int.natCast_add;gt_iff_lt;and_true;Int.ofNat_zero_le
coset_group__lemma_coset_mul_well_defined,_tactus_precondition_coset_group.lemma_coset_mul_well_defined_at_coset_group_377_5_4,precondition,12,DERIVABLE,REWRITE-CLOSURE(fixed-core),yes,and_imp;forall_eq;and_self;implies_true;eq_iff_iff;true_and;Nat.zero_add;Int.cast_ofNat_Int;Int.zero_add;Int.sub_zero;Nat.add_zero;Int.natCast_add
coset_group__lemma_inv_word_traceable,_tactus_precondition_coset_group.lemma_inv_word_traceable_at_coset_group_652_5_2,precondition,13,DERIVABLE,REWRITE-CLOSURE(core-extended),yes,gt_iff_lt;and_imp;forall_eq;and_self;implies_true;eq_iff_iff;true_and;Nat.zero_add;Int.cast_ofNat_Int;Int.zero_add;Int.sub_zero;Nat.add_zero;Int.natCast_add
coset_group__lemma_inv_word_traceable,_tactus_precondition_coset_group.lemma_inv_word_traceable_at_coset_group_653_5_4,precondition,13,DERIVABLE,REWRITE-CLOSURE(core-extended),yes,gt_iff_lt;and_imp;forall_eq;and_self;implies_true;eq_iff_iff;true_and;Nat.zero_add;Int.cast_ofNat_Int;Int.zero_add;Int.sub_zero;Nat.add_zero;Int.natCast_add
coset_group__lemma_inv_word_traceable,_tactus_precondition_coset_group.lemma_inv_word_traceable_at_coset_group_654_5_6,precondition,13,DERIVABLE,REWRITE-CLOSURE(core-extended),yes,gt_iff_lt;and_imp;forall_eq;and_self;implies_true;eq_iff_iff;true_and;Nat.zero_add;Int.cast_ofNat_Int;Int.zero_add;Int.sub_zero;Nat.add_zero;Int.natCast_add
coset_group__lemma_same_coset_same_trace,_tactus_precondition_coset_group.lemma_same_coset_same_trace_at_coset_group_637_5_2,precondition,12,DERIVABLE,REWRITE-CLOSURE(fixed-core),yes,and_imp;forall_eq;and_self;implies_true;eq_iff_iff;true_and;Nat.zero_add;Int.cast_ofNat_Int;Int.zero_add;Int.sub_zero;Nat.add_zero;Int.natCast_add
coset_group__lemma_trace_inv_rep_to_zero,_tactus_postcondition_coset_group.lemma_trace_inv_rep_to_zero_at_coset_group_611_9_3,postcondition,13,GOAL-SPECIFIC,REWRITE-CLOSURE(goal-specific),yes,and_imp;lib.option.Option.Some_val0;forall_eq;and_self;implies_true;eq_iff_iff;true_and;Nat.zero_add;Int.cast_ofNat_Int;Int.zero_add;Int.sub_zero;Nat.add_zero;Int.natCast_add
coset_group__lemma_trace_inv_rep_to_zero,_tactus_precondition_coset_group.lemma_trace_inv_rep_to_zero_at_coset_group_613_5_2,precondition,16,GOAL-SPECIFIC,REWRITE-CLOSURE(goal-specific)+omega,omega-tail,and_imp;forall_eq;and_self;implies_true;eq_iff_iff;true_and;Nat.zero_add;Int.cast_ofNat_Int;Int.zero_add;Int.sub_zero;Nat.add_zero;Int.natCast_add;lib.option.Option.isSome;and_true;gt_iff_lt;Int.ofNat_zero_le
f_free__lemma_tx_free_in_g_m,_tactus_precondition_f_free.lemma_tx_free_in_g_m_at_f_free_251_5_2,precondition,13,DERIVABLE,REWRITE-CLOSURE(core-extended),yes,and_imp;forall_eq;and_self;implies_true;eq_iff_iff;true_and;Nat.zero_add;Int.cast_ofNat_Int;Int.zero_add;Int.sub_zero;Nat.add_zero;Int.natCast_add;Nat.reduceLeDiff
f_free__lemma_tx_free_in_g_m,_tactus_precondition_f_free.lemma_tx_free_in_g_m_at_f_free_253_5_4,precondition,12,DERIVABLE,REWRITE-CLOSURE(fixed-core),yes,and_imp;forall_eq;and_self;implies_true;eq_iff_iff;true_and;Nat.zero_add;Int.cast_ofNat_Int;Int.zero_add;Int.sub_zero;Nat.add_zero;Int.natCast_add
f_free__lemma_tx_free_in_g_m,_tactus_precondition_f_free.lemma_tx_free_in_g_m_at_f_free_255_5_6,precondition,12,DERIVABLE,REWRITE-CLOSURE(fixed-core),yes,and_imp;forall_eq;and_self;implies_true;eq_iff_iff;true_and;Nat.zero_add;Int.cast_ofNat_Int;Int.zero_add;Int.sub_zero;Nat.add_zero;Int.natCast_add
f_free_tower__lemma_txbd_family_layout,_tactus_postcondition_f_free_tower.lemma_txbd_family_layout_at_f_free_tower_250_9_2,postcondition,13,DERIVABLE,REWRITE-CLOSURE(core-extended),yes,and_imp;forall_eq;and_self;implies_true;eq_iff_iff;true_and;Nat.zero_add;Int.cast_ofNat_Int;Int.zero_add;Int.sub_zero;Nat.add_zero;Int.natCast_add;Nat.add_left_cancel_iff
higman_consequences__lemma_bm_in_h3,_tactus_postcondition_higman_consequences.lemma_bm_in_h3_at_higman_consequences_1385_13_8,postcondition,13,DERIVABLE,REWRITE-CLOSURE(fixed-core),yes,and_imp;forall_eq;and_self;implies_true;eq_iff_iff;true_and;Nat.zero_add;Int.cast_ofNat_Int;Int.zero_add;Int.sub_zero;Nat.add_zero;Int.natCast_add;imp_self
higman_consequences__lemma_bm_in_h3,_tactus_precondition_higman_consequences.lemma_bm_in_h3_at_higman_consequences_1389_5_3,precondition,13,DERIVABLE,REWRITE-CLOSURE(fixed-core),yes,and_imp;forall_eq;and_self;implies_true;eq_iff_iff;true_and;Nat.zero_add;Int.cast_ofNat_Int;Int.zero_add;Int.sub_zero;Nat.add_zero;Int.natCast_add;imp_self
higman_consequences__lemma_bm_in_h3,_tactus_precondition_higman_consequences.lemma_bm_in_h3_at_higman_consequences_1390_5_5,precondition,13,DERIVABLE,REWRITE-CLOSURE(fixed-core),yes,and_imp;forall_eq;and_self;implies_true;eq_iff_iff;true_and;Nat.zero_add;Int.cast_ofNat_Int;Int.zero_add;Int.sub_zero;Nat.add_zero;Int.natCast_add;imp_self
higman_consequences__lemma_bm_in_h3,_tactus_precondition_higman_consequences.lemma_bm_in_h3_at_higman_consequences_1391_5_7,precondition,13,DERIVABLE,REWRITE-CLOSURE(fixed-core),yes,and_imp;forall_eq;and_self;implies_true;eq_iff_iff;true_and;Nat.zero_add;Int.cast_ofNat_Int;Int.zero_add;Int.sub_zero;Nat.add_zero;Int.natCast_add;imp_self
higman_consequences__lemma_h3_upto_in_h3,_tactus_postcondition_higman_consequences.lemma_h3_upto_in_h3_at_higman_consequences_516_9_5,postcondition,12,DERIVABLE,REWRITE-CLOSURE(fixed-core),yes,and_imp;forall_eq;and_self;implies_true;eq_iff_iff;true_and;Nat.zero_add;Int.cast_ofNat_Int;Int.zero_add;Int.sub_zero;Nat.add_zero;Int.natCast_add
higman_consequences__lemma_h3_upto_in_h3,_tactus_precondition_higman_consequences.lemma_h3_upto_in_h3_at_higman_consequences_518_5_2,precondition,12,DERIVABLE,REWRITE-CLOSURE(fixed-core),yes,and_imp;forall_eq;and_self;implies_true;eq_iff_iff;true_and;Nat.zero_add;Int.cast_ofNat_Int;Int.zero_add;Int.sub_zero;Nat.add_zero;Int.natCast_add
higman_consequences__lemma_h3_upto_in_h3,_tactus_precondition_higman_consequences.lemma_h3_upto_in_h3_at_higman_consequences_519_5_4,precondition,12,DERIVABLE,REWRITE-CLOSURE(fixed-core),yes,and_imp;forall_eq;and_self;implies_true;eq_iff_iff;true_and;Nat.zero_add;Int.cast_ofNat_Int;Int.zero_add;Int.sub_zero;Nat.add_zero;Int.natCast_add
higman_consequences__lemma_h3_upto_top_in_h3,_tactus_postcondition_higman_consequences.lemma_h3_upto_top_in_h3_at_higman_consequences_500_9_4,postcondition,13,DERIVABLE,REWRITE-CLOSURE(fixed-core),yes,and_imp;forall_eq;and_self;implies_true;eq_iff_iff;true_and;Nat.zero_add;Int.cast_ofNat_Int;Int.zero_add;Int.sub_zero;Nat.add_zero;Int.natCast_add;imp_self
higman_consequences__lemma_h3_upto_top_in_h3,_tactus_precondition_higman_consequences.lemma_h3_upto_top_in_h3_at_higman_consequences_507_5_3,precondition,13,DERIVABLE,REWRITE-CLOSURE(fixed-core),yes,and_imp;forall_eq;and_self;implies_true;eq_iff_iff;true_and;Nat.zero_add;Int.cast_ofNat_Int;Int.zero_add;Int.sub_zero;Nat.add_zero;Int.natCast_add;imp_self
ii_subset__lemma_residue_shift_x,_tactus_postcondition_ii_subset.lemma_residue_shift_x_at_ii_subset_874_9_7,postcondition,17,DERIVABLE,REWRITE-CLOSURE(core-extended),yes,gt_iff_lt;and_imp;forall_eq;and_self;implies_true;eq_iff_iff;true_and;Nat.zero_add;Int.cast_ofNat_Int;Int.zero_add;Int.sub_zero;Nat.add_zero;Int.natCast_add;Int.add_emod_left;Int.zero_sub;Int.neg_add_emod_self;imp_self
ii_subset__lemma_residue_shift_x,_tactus_postcondition_ii_subset.lemma_residue_shift_x_at_ii_subset_875_9_8,postcondition,17,DERIVABLE,REWRITE-CLOSURE(core-extended),yes,gt_iff_lt;and_imp;forall_eq;and_self;implies_true;eq_iff_iff;true_and;Nat.zero_add;Int.cast_ofNat_Int;Int.zero_add;Int.sub_zero;Nat.add_zero;Int.natCast_add;Int.add_emod_left;Int.zero_sub;Int.neg_add_emod_self;imp_self
m0_token__lemma_m0,_tactus_postcondition_m0_token.lemma_m0_at_m0_token_719_13_10,postcondition,12,DERIVABLE,REWRITE-CLOSURE(fixed-core),yes,and_imp;forall_eq;and_self;implies_true;eq_iff_iff;true_and;Nat.zero_add;Int.cast_ofNat_Int;Int.zero_add;Int.sub_zero;Nat.add_zero;Int.natCast_add
m0_token__lemma_m0,_tactus_postcondition_m0_token.lemma_m0_at_m0_token_719_13_5,postcondition,13,DERIVABLE,REWRITE-CLOSURE(fixed-core),yes,and_imp;forall_eq;and_self;implies_true;eq_iff_iff;true_and;Nat.zero_add;Int.cast_ofNat_Int;Int.zero_add;Int.sub_zero;Nat.add_zero;Int.natCast_add;imp_self
m0_token__lemma_m0,_tactus_postcondition_m0_token.lemma_m0_at_m0_token_719_13_6,postcondition,13,DERIVABLE,REWRITE-CLOSURE(fixed-core),yes,and_imp;forall_eq;and_self;implies_true;eq_iff_iff;true_and;Nat.zero_add;Int.cast_ofNat_Int;Int.zero_add;Int.sub_zero;Nat.add_zero;Int.natCast_add;not_true_eq_false
m0_token__lemma_m0,_tactus_postcondition_m0_token.lemma_m0_at_m0_token_719_13_9,postcondition,12,DERIVABLE,REWRITE-CLOSURE(fixed-core),yes,and_imp;forall_eq;and_self;implies_true;eq_iff_iff;true_and;Nat.zero_add;Int.cast_ofNat_Int;Int.zero_add;Int.sub_zero;Nat.add_zero;Int.natCast_add
m0_token__lemma_m0,_tactus_precondition_m0_token.lemma_m0_at_m0_token_722_52_2,precondition,12,DERIVABLE,REWRITE-CLOSURE(fixed-core),yes,and_imp;forall_eq;and_self;implies_true;eq_iff_iff;true_and;Nat.zero_add;Int.cast_ofNat_Int;Int.zero_add;Int.sub_zero;Nat.add_zero;Int.natCast_add
m0_token__lemma_m0,_tactus_precondition_m0_token.lemma_m0_at_m0_token_723_78_4,precondition,13,DERIVABLE,REWRITE-CLOSURE(fixed-core),yes,and_imp;forall_eq;and_self;implies_true;eq_iff_iff;true_and;Nat.zero_add;Int.cast_ofNat_Int;Int.zero_add;Int.sub_zero;Nat.add_zero;Int.natCast_add;imp_self
m0_token__lemma_m0,_tactus_precondition_m0_token.lemma_m0_at_m0_token_723_78_8,precondition,12,DERIVABLE,REWRITE-CLOSURE(fixed-core),yes,and_imp;forall_eq;and_self;implies_true;eq_iff_iff;true_and;Nat.zero_add;Int.cast_ofNat_Int;Int.zero_add;Int.sub_zero;Nat.add_zero;Int.natCast_add
machine_group__lemma_equiv_in_A_preserves_gexp,_tactus_precondition_machine_group.lemma_equiv_in_A_preserves_gexp_at_machine_group_3022_5_3,precondition,12,DERIVABLE,REWRITE-CLOSURE(fixed-core),yes,and_imp;forall_eq;and_self;implies_true;eq_iff_iff;true_and;Nat.zero_add;Int.cast_ofNat_Int;Int.zero_add;Int.sub_zero;Nat.add_zero;Int.natCast_add
machine_group__lemma_no_pinch_stable_nontrivial,_tactus_assert_machine_group.lemma_no_pinch_stable_nontrivial_at_machine_group_4446_16_3,assert,12,DERIVABLE,REWRITE-CLOSURE(fixed-core),yes,and_imp;forall_eq;and_self;implies_true;eq_iff_iff;true_and;Nat.zero_add;Int.cast_ofNat_Int;Int.zero_add;Int.sub_zero;Nat.add_zero;Int.natCast_add
machine_group__lemma_no_pinch_stable_nontrivial,_tactus_postcondition_machine_group.lemma_no_pinch_stable_nontrivial_at_machine_group_4442_9_4,postcondition,14,DERIVABLE,REWRITE-CLOSURE(fixed-core),yes,and_imp;forall_eq;and_self;implies_true;eq_iff_iff;true_and;Nat.zero_add;Int.cast_ofNat_Int;Int.zero_add;Int.sub_zero;Nat.add_zero;Int.natCast_add;not_true_eq_false;imp_self
machine_group__lemma_no_pinch_stable_nontrivial,_tactus_postcondition_machine_group.lemma_no_pinch_stable_nontrivial_at_machine_group_4442_9_5,postcondition,13,DERIVABLE,REWRITE-CLOSURE(fixed-core),yes,and_imp;forall_eq;and_self;implies_true;eq_iff_iff;true_and;Nat.zero_add;Int.cast_ofNat_Int;Int.zero_add;Int.sub_zero;Nat.add_zero;Int.natCast_add;not_false_eq_true
machine_group__lemma_no_pinch_stable_nontrivial,_tactus_precondition_machine_group.lemma_no_pinch_stable_nontrivial_at_machine_group_4445_9_2,precondition,12,DERIVABLE,REWRITE-CLOSURE(fixed-core),yes,and_imp;forall_eq;and_self;implies_true;eq_iff_iff;true_and;Nat.zero_add;Int.cast_ofNat_Int;Int.zero_add;Int.sub_zero;Nat.add_zero;Int.natCast_add
miller_collapse_inject__lemma_mcw_valid_local,_tactus_postcondition_miller_collapse_inject.lemma_mcw_valid_local_at_miller_collapse_inject_552_13_3,postcondition,12,DERIVABLE,REWRITE-CLOSURE(fixed-core),yes,and_imp;forall_eq;and_self;implies_true;eq_iff_iff;true_and;Nat.zero_add;Int.cast_ofNat_Int;Int.zero_add;Int.sub_zero;Nat.add_zero;Int.natCast_add
miller_collapse_limit__lemma_emb_c_index,_tactus_postcondition_miller_collapse_limit.lemma_emb_c_index_at_miller_collapse_limit_265_9_5,postcondition,12,DERIVABLE,REWRITE-CLOSURE(fixed-core),yes,and_imp;forall_eq;and_self;implies_true;eq_iff_iff;true_and;Nat.zero_add;Int.cast_ofNat_Int;Int.zero_add;Int.sub_zero;Nat.add_zero;Int.natCast_add
miller_collapse_limit__lemma_limit_commutation,_tactus_postcondition_miller_collapse_limit.lemma_limit_commutation_at_miller_collapse_limit_771_9_10,postcondition,12,DERIVABLE,REWRITE-CLOSURE(fixed-core),yes,and_imp;forall_eq;and_self;implies_true;eq_iff_iff;true_and;Nat.zero_add;Int.cast_ofNat_Int;Int.zero_add;Int.sub_zero;Nat.add_zero;Int.natCast_add
miller_collapse_limit__lemma_limit_commutation,_tactus_postcondition_miller_collapse_limit.lemma_limit_commutation_at_miller_collapse_limit_771_9_5,postcondition,13,DERIVABLE,REWRITE-CLOSURE(fixed-core),yes,and_imp;forall_eq;and_self;implies_true;eq_iff_iff;true_and;Nat.zero_add;Int.cast_ofNat_Int;Int.zero_add;Int.sub_zero;Nat.add_zero;Int.natCast_add;imp_self
miller_collapse_limit__lemma_limit_commutation,_tactus_postcondition_miller_collapse_limit.lemma_limit_commutation_at_miller_collapse_limit_771_9_6,postcondition,13,DERIVABLE,REWRITE-CLOSURE(fixed-core),yes,and_imp;forall_eq;and_self;implies_true;eq_iff_iff;true_and;Nat.zero_add;Int.cast_ofNat_Int;Int.zero_add;Int.sub_zero;Nat.add_zero;Int.natCast_add;not_true_eq_false
miller_collapse_limit__lemma_limit_commutation,_tactus_postcondition_miller_collapse_limit.lemma_limit_commutation_at_miller_collapse_limit_771_9_9,postcondition,12,DERIVABLE,REWRITE-CLOSURE(fixed-core),yes,and_imp;forall_eq;and_self;implies_true;eq_iff_iff;true_and;Nat.zero_add;Int.cast_ofNat_Int;Int.zero_add;Int.sub_zero;Nat.add_zero;Int.natCast_add
miller_collapse_limit__lemma_limit_commutation,_tactus_precondition_miller_collapse_limit.lemma_limit_commutation_at_miller_collapse_limit_776_9_2,precondition,12,DERIVABLE,REWRITE-CLOSURE(fixed-core),yes,and_imp;forall_eq;and_self;implies_true;eq_iff_iff;true_and;Nat.zero_add;Int.cast_ofNat_Int;Int.zero_add;Int.sub_zero;Nat.add_zero;Int.natCast_add
miller_collapse_limit__lemma_limit_commutation,_tactus_precondition_miller_collapse_limit.lemma_limit_commutation_at_miller_collapse_limit_780_9_4,precondition,13,DERIVABLE,REWRITE-CLOSURE(fixed-core),yes,and_imp;forall_eq;and_self;implies_true;eq_iff_iff;true_and;Nat.zero_add;Int.cast_ofNat_Int;Int.zero_add;Int.sub_zero;Nat.add_zero;Int.natCast_add;imp_self
miller_collapse_limit__lemma_limit_commutation,_tactus_precondition_miller_collapse_limit.lemma_limit_commutation_at_miller_collapse_limit_780_9_8,precondition,12,DERIVABLE,REWRITE-CLOSURE(fixed-core),yes,and_imp;forall_eq;and_self;implies_true;eq_iff_iff;true_and;Nat.zero_add;Int.cast_ofNat_Int;Int.zero_add;Int.sub_zero;Nat.add_zero;Int.natCast_add
normal_form_afp_textbook__lemma_a_rcoset_rep_idempotent,_tactus_precondition_normal_form_afp_textbook.lemma_a_rcoset_rep_idempotent_at_normal_form_afp_textbook_9909_5_2,precondition,12,DERIVABLE,REWRITE-CLOSURE(fixed-core),yes,and_imp;forall_eq;and_self;implies_true;eq_iff_iff;true_and;Nat.zero_add;Int.cast_ofNat_Int;Int.zero_add;Int.sub_zero;Nat.add_zero;Int.natCast_add
normal_form_afp_textbook__lemma_a_rcoset_rep_idempotent,_tactus_precondition_normal_form_afp_textbook.lemma_a_rcoset_rep_idempotent_at_normal_form_afp_textbook_9910_5_4,precondition,12,DERIVABLE,REWRITE-CLOSURE(fixed-core),yes,and_imp;forall_eq;and_self;implies_true;eq_iff_iff;true_and;Nat.zero_add;Int.cast_ofNat_Int;Int.zero_add;Int.sub_zero;Nat.add_zero;Int.natCast_add
normal_form_afp_textbook__lemma_a_rcoset_rep_idempotent,_tactus_precondition_normal_form_afp_textbook.lemma_a_rcoset_rep_idempotent_at_normal_form_afp_textbook_9911_5_6,precondition,12,DERIVABLE,REWRITE-CLOSURE(fixed-core),yes,and_imp;forall_eq;and_self;implies_true;eq_iff_iff;true_and;Nat.zero_add;Int.cast_ofNat_Int;Int.zero_add;Int.sub_zero;Nat.add_zero;Int.natCast_add
normal_form_afp_textbook__lemma_act_sym_preserves_canonical,_tactus_postcondition_normal_form_afp_textbook.lemma_act_sym_preserves_canonical_at_normal_form_afp_textbook_5963_9_3,postcondition,12,DERIVABLE,REWRITE-CLOSURE(fixed-core),yes,and_imp;forall_eq;and_self;implies_true;eq_iff_iff;true_and;Nat.zero_add;Int.cast_ofNat_Int;Int.zero_add;Int.sub_zero;Nat.add_zero;Int.natCast_add
normal_form_afp_textbook__lemma_act_sym_preserves_canonical,_tactus_postcondition_normal_form_afp_textbook.lemma_act_sym_preserves_canonical_at_normal_form_afp_textbook_5963_9_6,postcondition,13,DERIVABLE,REWRITE-CLOSURE(core-extended),yes,and_imp;forall_eq;and_self;implies_true;eq_iff_iff;true_and;Nat.zero_add;Int.cast_ofNat_Int;Int.zero_add;Int.sub_zero;Nat.add_zero;Int.natCast_add;Nat.not_lt
normal_form_afp_textbook__lemma_act_sym_preserves_canonical,_tactus_precondition_normal_form_afp_textbook.lemma_act_sym_preserves_canonical_at_normal_form_afp_textbook_5968_9_2,precondition,12,DERIVABLE,REWRITE-CLOSURE(fixed-core),yes,and_imp;forall_eq;and_self;implies_true;eq_iff_iff;true_and;Nat.zero_add;Int.cast_ofNat_Int;Int.zero_add;Int.sub_zero;Nat.add_zero;Int.natCast_add
normal_form_afp_textbook__lemma_act_sym_preserves_canonical,_tactus_precondition_normal_form_afp_textbook.lemma_act_sym_preserves_canonical_at_normal_form_afp_textbook_5970_9_5,precondition,14,DERIVABLE,REWRITE-CLOSURE(core-extended),yes,and_imp;forall_eq;and_self;implies_true;eq_iff_iff;true_and;Nat.zero_add;Int.cast_ofNat_Int;Int.zero_add;Int.sub_zero;Nat.add_zero;Int.natCast_add;Nat.not_lt;ge_iff_le
normal_form_afp_textbook__lemma_afp_injectivity_textbook,_tactus_precondition_normal_form_afp_textbook.lemma_afp_injectivity_textbook_at_normal_form_afp_textbook_7958_5_2,precondition,12,DERIVABLE,REWRITE-CLOSURE(fixed-core),yes,and_imp;forall_eq;and_self;implies_true;eq_iff_iff;true_and;Nat.zero_add;Int.cast_ofNat_Int;Int.zero_add;Int.sub_zero;Nat.add_zero;Int.natCast_add
normal_form_afp_textbook__lemma_b_rcoset_rep_idempotent,_tactus_precondition_normal_form_afp_textbook.lemma_b_rcoset_rep_idempotent_at_normal_form_afp_textbook_10741_5_2,precondition,12,DERIVABLE,REWRITE-CLOSURE(fixed-core),yes,and_imp;forall_eq;and_self;implies_true;eq_iff_iff;true_and;Nat.zero_add;Int.cast_ofNat_Int;Int.zero_add;Int.sub_zero;Nat.add_zero;Int.natCast_add
normal_form_afp_textbook__lemma_b_rcoset_rep_idempotent,_tactus_precondition_normal_form_afp_textbook.lemma_b_rcoset_rep_idempotent_at_normal_form_afp_textbook_10742_5_4,precondition,12,DERIVABLE,REWRITE-CLOSURE(fixed-core),yes,and_imp;forall_eq;and_self;implies_true;eq_iff_iff;true_and;Nat.zero_add;Int.cast_ofNat_Int;Int.zero_add;Int.sub_zero;Nat.add_zero;Int.natCast_add
normal_form_afp_textbook__lemma_b_rcoset_rep_idempotent,_tactus_precondition_normal_form_afp_textbook.lemma_b_rcoset_rep_idempotent_at_normal_form_afp_textbook_10743_5_6,precondition,12,DERIVABLE,REWRITE-CLOSURE(fixed-core),yes,and_imp;forall_eq;and_self;implies_true;eq_iff_iff;true_and;Nat.zero_add;Int.cast_ofNat_Int;Int.zero_add;Int.sub_zero;Nat.add_zero;Int.natCast_add
normal_form_afp_textbook__lemma_equiv_inverse_helper,_tactus_postcondition_normal_form_afp_textbook.lemma_equiv_inverse_helper_at_normal_form_afp_textbook_7151_9_12,postcondition,12,DERIVABLE,REWRITE-CLOSURE(fixed-core),yes,and_imp;forall_eq;and_self;implies_true;eq_iff_iff;true_and;Nat.zero_add;Int.cast_ofNat_Int;Int.zero_add;Int.sub_zero;Nat.add_zero;Int.natCast_add
normal_form_afp_textbook__lemma_equiv_inverse_helper,_tactus_precondition_normal_form_afp_textbook.lemma_equiv_inverse_helper_at_normal_form_afp_textbook_7154_5_2,precondition,12,DERIVABLE,REWRITE-CLOSURE(fixed-core),yes,and_imp;forall_eq;and_self;implies_true;eq_iff_iff;true_and;Nat.zero_add;Int.cast_ofNat_Int;Int.zero_add;Int.sub_zero;Nat.add_zero;Int.natCast_add
normal_form_afp_textbook__lemma_equiv_inverse_helper,_tactus_precondition_normal_form_afp_textbook.lemma_equiv_inverse_helper_at_normal_form_afp_textbook_7158_5_5,precondition,12,DERIVABLE,REWRITE-CLOSURE(fixed-core),yes,and_imp;forall_eq;and_self;implies_true;eq_iff_iff;true_and;Nat.zero_add;Int.cast_ofNat_Int;Int.zero_add;Int.sub_zero;Nat.add_zero;Int.natCast_add
normal_form_afp_textbook__lemma_equiv_inverse_helper,_tactus_precondition_normal_form_afp_textbook.lemma_equiv_inverse_helper_at_normal_form_afp_textbook_7160_5_7,precondition,12,DERIVABLE,REWRITE-CLOSURE(fixed-core),yes,and_imp;forall_eq;and_self;implies_true;eq_iff_iff;true_and;Nat.zero_add;Int.cast_ofNat_Int;Int.zero_add;Int.sub_zero;Nat.add_zero;Int.natCast_add
normal_form_afp_textbook__lemma_equiv_inverse_helper,_tactus_precondition_normal_form_afp_textbook.lemma_equiv_inverse_helper_at_normal_form_afp_textbook_7161_5_9,precondition,12,DERIVABLE,REWRITE-CLOSURE(fixed-core),yes,and_imp;forall_eq;and_self;implies_true;eq_iff_iff;true_and;Nat.zero_add;Int.cast_ofNat_Int;Int.zero_add;Int.sub_zero;Nat.add_zero;Int.natCast_add
normal_form_afp_textbook__lemma_equiv_inverse_helper,_tactus_precondition_normal_form_afp_textbook.lemma_equiv_inverse_helper_at_normal_form_afp_textbook_7166_5_11,precondition,12,DERIVABLE,REWRITE-CLOSURE(fixed-core),yes,and_imp;forall_eq;and_self;implies_true;eq_iff_iff;true_and;Nat.zero_add;Int.cast_ofNat_Int;Int.zero_add;Int.sub_zero;Nat.add_zero;Int.natCast_add
normal_form_afp_textbook__lemma_insert_trivial_at_state,_tactus_postcondition_normal_form_afp_textbook.lemma_insert_trivial_at_state_at_normal_form_afp_textbook_1900_9_4,postcondition,12,DERIVABLE,REWRITE-CLOSURE(fixed-core),yes,and_imp;forall_eq;and_self;implies_true;eq_iff_iff;true_and;Nat.zero_add;Int.cast_ofNat_Int;Int.zero_add;Int.sub_zero;Nat.add_zero;Int.natCast_add
normal_form_afp_textbook__lemma_inv_s_s_cancel_g2,_tactus_postcondition_normal_form_afp_textbook.lemma_inv_s_s_cancel_g2_at_normal_form_afp_textbook_10874_9_3,postcondition,12,DERIVABLE,REWRITE-CLOSURE(fixed-core),yes,and_imp;forall_eq;and_self;implies_true;eq_iff_iff;true_and;Nat.zero_add;Int.cast_ofNat_Int;Int.zero_add;Int.sub_zero;Nat.add_zero;Int.natCast_add
normal_form_afp_textbook__lemma_inv_s_s_cancel_g2,_tactus_precondition_normal_form_afp_textbook.lemma_inv_s_s_cancel_g2_at_normal_form_afp_textbook_10879_5_2,precondition,12,DERIVABLE,REWRITE-CLOSURE(fixed-core),yes,and_imp;forall_eq;and_self;implies_true;eq_iff_iff;true_and;Nat.zero_add;Int.cast_ofNat_Int;Int.zero_add;Int.sub_zero;Nat.add_zero;Int.natCast_add
normal_form_afp_textbook__lemma_inverse_pair_g1,_tactus_precondition_normal_form_afp_textbook.lemma_inverse_pair_g1_at_normal_form_afp_textbook_10350_9_2,precondition,12,DERIVABLE,REWRITE-CLOSURE(fixed-core),yes,and_imp;forall_eq;and_self;implies_true;eq_iff_iff;true_and;Nat.zero_add;Int.cast_ofNat_Int;Int.zero_add;Int.sub_zero;Nat.add_zero;Int.natCast_add
normal_form_afp_textbook__lemma_inverse_pair_g1,_tactus_precondition_normal_form_afp_textbook.lemma_inverse_pair_g1_at_normal_form_afp_textbook_10353_9_5,precondition,15,DERIVABLE,REWRITE-CLOSURE(core-extended),yes,and_imp;forall_eq;and_self;implies_true;eq_iff_iff;true_and;Nat.zero_add;Int.cast_ofNat_Int;Int.zero_add;Int.sub_zero;Nat.add_zero;Int.natCast_add;not_and;Classical.not_forall;not_imp
normal_form_afp_textbook__lemma_inverse_pair_g1,_tactus_precondition_normal_form_afp_textbook.lemma_inverse_pair_g1_at_normal_form_afp_textbook_10360_13_8,precondition,20,DERIVABLE,REWRITE-CLOSURE(core-extended)+omega,omega-tail,and_imp;forall_eq;and_self;implies_true;eq_iff_iff;true_and;Nat.zero_add;Int.cast_ofNat_Int;Int.zero_add;Int.sub_zero;Nat.add_zero;Int.natCast_add;not_and;Classical.not_forall;not_imp;not_or;Decidable.not_not;gt_iff_lt;and_true;Int.ofNat_zero_le
normal_form_afp_textbook__lemma_inverse_pair_g1,_tactus_precondition_normal_form_afp_textbook.lemma_inverse_pair_g1_at_normal_form_afp_textbook_10363_13_11,precondition,20,DERIVABLE,REWRITE-CLOSURE(core-extended)+omega,omega-tail,and_imp;forall_eq;and_self;implies_true;eq_iff_iff;true_and;Nat.zero_add;Int.cast_ofNat_Int;Int.zero_add;Int.sub_zero;Nat.add_zero;Int.natCast_add;not_and;Classical.not_forall;not_imp;not_or;Decidable.not_not;gt_iff_lt;and_true;Int.ofNat_zero_le
normal_form_afp_textbook__lemma_trivial_action_inverse,_tactus_postcondition_normal_form_afp_textbook.lemma_trivial_action_inverse_at_normal_form_afp_textbook_4881_9_4,postcondition,12,DERIVABLE,REWRITE-CLOSURE(fixed-core),yes,and_imp;forall_eq;and_self;implies_true;eq_iff_iff;true_and;Nat.zero_add;Int.cast_ofNat_Int;Int.zero_add;Int.sub_zero;Nat.add_zero;Int.natCast_add
normal_form_afp_textbook__lemma_trivial_action_inverse,_tactus_precondition_normal_form_afp_textbook.lemma_trivial_action_inverse_at_normal_form_afp_textbook_4883_5_2,precondition,12,DERIVABLE,REWRITE-CLOSURE(fixed-core),yes,and_imp;forall_eq;and_self;implies_true;eq_iff_iff;true_and;Nat.zero_add;Int.cast_ofNat_Int;Int.zero_add;Int.sub_zero;Nat.add_zero;Int.natCast_add
normal_form_amalgamated__lemma_h_inv_pair,_tactus_precondition_normal_form_amalgamated.lemma_h_inv_pair_at_normal_form_amalgamated_1099_9_2,precondition,12,DERIVABLE,REWRITE-CLOSURE(fixed-core),yes,and_imp;forall_eq;and_self;implies_true;eq_iff_iff;true_and;Nat.zero_add;Int.cast_ofNat_Int;Int.zero_add;Int.sub_zero;Nat.add_zero;Int.natCast_add
normal_form_amalgamated__lemma_h_inv_pair,_tactus_precondition_normal_form_amalgamated.lemma_h_inv_pair_at_normal_form_amalgamated_1101_9_5,precondition,14,DERIVABLE,REWRITE-CLOSURE(core-extended),yes,and_imp;forall_eq;and_self;implies_true;eq_iff_iff;true_and;Nat.zero_add;Int.cast_ofNat_Int;Int.zero_add;Int.sub_zero;Nat.add_zero;Int.natCast_add;Nat.not_lt;ge_iff_le
phi_l_mapb__lemma_mapb_factor_source,_tactus_assert_phi_l_mapb.lemma_mapb_factor_source_at_phi_l_mapb_275_12_2,assert,12,DERIVABLE,REWRITE-CLOSURE(fixed-core),yes,and_imp;forall_eq;and_self;implies_true;eq_iff_iff;true_and;Nat.zero_add;Int.cast_ofNat_Int;Int.zero_add;Int.sub_zero;Nat.add_zero;Int.natCast_add
phi_l_mapb__lemma_mapb_factor_source,_tactus_assert_phi_l_mapb.lemma_mapb_factor_source_at_phi_l_mapb_278_12_5,assert,13,DERIVABLE,REWRITE-CLOSURE(fixed-core),yes,and_imp;forall_eq;and_self;implies_true;eq_iff_iff;true_and;Nat.zero_add;Int.cast_ofNat_Int;Int.zero_add;Int.sub_zero;Nat.add_zero;Int.natCast_add;imp_self
phi_l_mapb__lemma_mapb_factor_source,_tactus_assert_phi_l_mapb.lemma_mapb_factor_source_at_phi_l_mapb_282_12_8,assert,13,DERIVABLE,REWRITE-CLOSURE(fixed-core),yes,and_imp;forall_eq;and_self;implies_true;eq_iff_iff;true_and;Nat.zero_add;Int.cast_ofNat_Int;Int.zero_add;Int.sub_zero;Nat.add_zero;Int.natCast_add;imp_self
phi_l_mapb__lemma_mapb_factor_source,_tactus_postcondition_phi_l_mapb.lemma_mapb_factor_source_at_phi_l_mapb_268_9_11,postcondition,13,DERIVABLE,REWRITE-CLOSURE(fixed-core),yes,and_imp;forall_eq;and_self;implies_true;eq_iff_iff;true_and;Nat.zero_add;Int.cast_ofNat_Int;Int.zero_add;Int.sub_zero;Nat.add_zero;Int.natCast_add;imp_self
phi_l_mapb__lemma_mapb_factor_source,_tactus_precondition_phi_l_mapb.lemma_mapb_factor_source_at_phi_l_mapb_277_5_4,precondition,13,DERIVABLE,REWRITE-CLOSURE(fixed-core),yes,and_imp;forall_eq;and_self;implies_true;eq_iff_iff;true_and;Nat.zero_add;Int.cast_ofNat_Int;Int.zero_add;Int.sub_zero;Nat.add_zero;Int.natCast_add;imp_self
phi_l_mapb__lemma_mapb_factor_source,_tactus_precondition_phi_l_mapb.lemma_mapb_factor_source_at_phi_l_mapb_281_5_7,precondition,13,DERIVABLE,REWRITE-CLOSURE(fixed-core),yes,and_imp;forall_eq;and_self;implies_true;eq_iff_iff;true_and;Nat.zero_add;Int.cast_ofNat_Int;Int.zero_add;Int.sub_zero;Nat.add_zero;Int.natCast_add;imp_self
phi_l_mapb__lemma_mapb_factor_source,_tactus_precondition_phi_l_mapb.lemma_mapb_factor_source_at_phi_l_mapb_284_5_10,precondition,13,DERIVABLE,REWRITE-CLOSURE(fixed-core),yes,and_imp;forall_eq;and_self;implies_true;eq_iff_iff;true_and;Nat.zero_add;Int.cast_ofNat_Int;Int.zero_add;Int.sub_zero;Nat.add_zero;Int.natCast_add;imp_self
phi_l_pinch__lemma_a_words_F_fixes_config,_tactus_postcondition_phi_l_pinch.lemma_a_words_F_fixes_config_at_phi_l_pinch_80_9_7,postcondition,12,DERIVABLE,REWRITE-CLOSURE(fixed-core),yes,and_imp;forall_eq;and_self;implies_true;eq_iff_iff;true_and;Nat.zero_add;Int.cast_ofNat_Int;Int.zero_add;Int.sub_zero;Nat.add_zero;Int.natCast_add
phi_l_pinch__lemma_a_words_F_fixes_config,_tactus_precondition_phi_l_pinch.lemma_a_words_F_fixes_config_at_phi_l_pinch_83_5_3,precondition,13,DERIVABLE,REWRITE-CLOSURE(core-extended),yes,and_imp;forall_eq;and_self;implies_true;eq_iff_iff;true_and;Nat.zero_add;Int.cast_ofNat_Int;Int.zero_add;Int.sub_zero;Nat.add_zero;Int.natCast_add;Nat.le_add_left
phi_l_pinch__lemma_a_words_F_fixes_config,_tactus_precondition_phi_l_pinch.lemma_a_words_F_fixes_config_at_phi_l_pinch_84_5_5,precondition,12,DERIVABLE,REWRITE-CLOSURE(fixed-core),yes,and_imp;forall_eq;and_self;implies_true;eq_iff_iff;true_and;Nat.zero_add;Int.cast_ofNat_Int;Int.zero_add;Int.sub_zero;Nat.add_zero;Int.natCast_add
phi_l_pinch__lemma_a_words_F_on_pa_rhs,_tactus_postcondition_phi_l_pinch.lemma_a_words_F_on_pa_rhs_at_phi_l_pinch_95_9_8,postcondition,12,DERIVABLE,REWRITE-CLOSURE(fixed-core),yes,and_imp;forall_eq;and_self;implies_true;eq_iff_iff;true_and;Nat.zero_add;Int.cast_ofNat_Int;Int.zero_add;Int.sub_zero;Nat.add_zero;Int.natCast_add
phi_l_pinch__lemma_a_words_F_on_pa_rhs,_tactus_precondition_phi_l_pinch.lemma_a_words_F_on_pa_rhs_at_phi_l_pinch_100_5_3,precondition,12,DERIVABLE,REWRITE-CLOSURE(fixed-core),yes,and_imp;forall_eq;and_self;implies_true;eq_iff_iff;true_and;Nat.zero_add;Int.cast_ofNat_Int;Int.zero_add;Int.sub_zero;Nat.add_zero;Int.natCast_add
phi_l_pinch__lemma_a_words_F_on_pa_rhs,_tactus_precondition_phi_l_pinch.lemma_a_words_F_on_pa_rhs_at_phi_l_pinch_101_5_5,precondition,12,DERIVABLE,REWRITE-CLOSURE(fixed-core),yes,and_imp;forall_eq;and_self;implies_true;eq_iff_iff;true_and;Nat.zero_add;Int.cast_ofNat_Int;Int.zero_add;Int.sub_zero;Nat.add_zero;Int.natCast_add
phi_l_pinch__lemma_a_words_F_on_pa_rhs,_tactus_precondition_phi_l_pinch.lemma_a_words_F_on_pa_rhs_at_phi_l_pinch_102_5_7,precondition,12,DERIVABLE,REWRITE-CLOSURE(fixed-core),yes,and_imp;forall_eq;and_self;implies_true;eq_iff_iff;true_and;Nat.zero_add;Int.cast_ofNat_Int;Int.zero_add;Int.sub_zero;Nat.add_zero;Int.natCast_add
pred_britton_via_tower__lemma_group_cancel_right,_tactus_postcondition_pred_britton_via_tower.lemma_group_cancel_right_at_pred_britton_via_tower_6260_9_21,postcondition,12,DERIVABLE,REWRITE-CLOSURE(fixed-core),yes,and_imp;forall_eq;and_self;implies_true;eq_iff_iff;true_and;Nat.zero_add;Int.cast_ofNat_Int;Int.zero_add;Int.sub_zero;Nat.add_zero;Int.natCast_add
pred_britton_via_tower__lemma_group_cancel_right,_tactus_precondition_pred_britton_via_tower.lemma_group_cancel_right_at_pred_britton_via_tower_6262_5_2,precondition,12,DERIVABLE,REWRITE-CLOSURE(fixed-core),yes,and_imp;forall_eq;and_self;implies_true;eq_iff_iff;true_and;Nat.zero_add;Int.cast_ofNat_Int;Int.zero_add;Int.sub_zero;Nat.add_zero;Int.natCast_add
pred_britton_via_tower__lemma_group_cancel_right,_tactus_precondition_pred_britton_via_tower.lemma_group_cancel_right_at_pred_britton_via_tower_6263_5_4,precondition,12,DERIVABLE,REWRITE-CLOSURE(fixed-core),yes,and_imp;forall_eq;and_self;implies_true;eq_iff_iff;true_and;Nat.zero_add;Int.cast_ofNat_Int;Int.zero_add;Int.sub_zero;Nat.add_zero;Int.natCast_add
pred_britton_via_tower__lemma_group_cancel_right,_tactus_precondition_pred_britton_via_tower.lemma_group_cancel_right_at_pred_britton_via_tower_6264_5_6,precondition,12,DERIVABLE,REWRITE-CLOSURE(fixed-core),yes,and_imp;forall_eq;and_self;implies_true;eq_iff_iff;true_and;Nat.zero_add;Int.cast_ofNat_Int;Int.zero_add;Int.sub_zero;Nat.add_zero;Int.natCast_add
pred_britton_via_tower__lemma_group_cancel_right,_tactus_precondition_pred_britton_via_tower.lemma_group_cancel_right_at_pred_britton_via_tower_6266_5_8,precondition,12,DERIVABLE,REWRITE-CLOSURE(fixed-core),yes,and_imp;forall_eq;and_self;implies_true;eq_iff_iff;true_and;Nat.zero_add;Int.cast_ofNat_Int;Int.zero_add;Int.sub_zero;Nat.add_zero;Int.natCast_add
pred_britton_via_tower__lemma_group_cancel_right,_tactus_precondition_pred_britton_via_tower.lemma_group_cancel_right_at_pred_britton_via_tower_6268_5_10,precondition,12,DERIVABLE,REWRITE-CLOSURE(fixed-core),yes,and_imp;forall_eq;and_self;implies_true;eq_iff_iff;true_and;Nat.zero_add;Int.cast_ofNat_Int;Int.zero_add;Int.sub_zero;Nat.add_zero;Int.natCast_add
pred_britton_via_tower__lemma_group_cancel_right,_tactus_precondition_pred_britton_via_tower.lemma_group_cancel_right_at_pred_britton_via_tower_6270_5_12,precondition,12,DERIVABLE,REWRITE-CLOSURE(fixed-core),yes,and_imp;forall_eq;and_self;implies_true;eq_iff_iff;true_and;Nat.zero_add;Int.cast_ofNat_Int;Int.zero_add;Int.sub_zero;Nat.add_zero;Int.natCast_add
pred_britton_via_tower__lemma_group_cancel_right,_tactus_precondition_pred_britton_via_tower.lemma_group_cancel_right_at_pred_britton_via_tower_6272_5_14,precondition,12,DERIVABLE,REWRITE-CLOSURE(fixed-core),yes,and_imp;forall_eq;and_self;implies_true;eq_iff_iff;true_and;Nat.zero_add;Int.cast_ofNat_Int;Int.zero_add;Int.sub_zero;Nat.add_zero;Int.natCast_add
pred_britton_via_tower__lemma_group_cancel_right,_tactus_precondition_pred_britton_via_tower.lemma_group_cancel_right_at_pred_britton_via_tower_6273_5_16,precondition,12,DERIVABLE,REWRITE-CLOSURE(fixed-core),yes,and_imp;forall_eq;and_self;implies_true;eq_iff_iff;true_and;Nat.zero_add;Int.cast_ofNat_Int;Int.zero_add;Int.sub_zero;Nat.add_zero;Int.natCast_add
pred_britton_via_tower__lemma_group_cancel_right,_tactus_precondition_pred_britton_via_tower.lemma_group_cancel_right_at_pred_britton_via_tower_6274_5_18,precondition,12,DERIVABLE,REWRITE-CLOSURE(fixed-core),yes,and_imp;forall_eq;and_self;implies_true;eq_iff_iff;true_and;Nat.zero_add;Int.cast_ofNat_Int;Int.zero_add;Int.sub_zero;Nat.add_zero;Int.natCast_add
pred_britton_via_tower__lemma_group_cancel_right,_tactus_precondition_pred_britton_via_tower.lemma_group_cancel_right_at_pred_britton_via_tower_6277_5_20,precondition,12,DERIVABLE,REWRITE-CLOSURE(fixed-core),yes,and_imp;forall_eq;and_self;implies_true;eq_iff_iff;true_and;Nat.zero_add;Int.cast_ofNat_Int;Int.zero_add;Int.sub_zero;Nat.add_zero;Int.natCast_add
pred_britton_via_tower__lemma_hnn_relator_preserves,_tactus_precondition_pred_britton_via_tower.lemma_hnn_relator_preserves_at_pred_britton_via_tower_7295_5_2,precondition,12,DERIVABLE,REWRITE-CLOSURE(fixed-core),yes,and_imp;forall_eq;and_self;implies_true;eq_iff_iff;true_and;Nat.zero_add;Int.cast_ofNat_Int;Int.zero_add;Int.sub_zero;Nat.add_zero;Int.natCast_add
pred_britton_via_tower__lemma_inv_shift_word_valid_for_tower,_tactus_postcondition_pred_britton_via_tower.lemma_inv_shift_word_valid_for_tower_at_pred_britton_via_tower_1269_9_5,postcondition,12,DERIVABLE,REWRITE-CLOSURE(fixed-core),yes,and_imp;forall_eq;and_self;implies_true;eq_iff_iff;true_and;Nat.zero_add;Int.cast_ofNat_Int;Int.zero_add;Int.sub_zero;Nat.add_zero;Int.natCast_add
pred_britton_via_tower__lemma_inv_shift_word_valid_for_tower,_tactus_precondition_pred_britton_via_tower.lemma_inv_shift_word_valid_for_tower_at_pred_britton_via_tower_1273_5_2,precondition,12,DERIVABLE,REWRITE-CLOSURE(fixed-core),yes,and_imp;forall_eq;and_self;implies_true;eq_iff_iff;true_and;Nat.zero_add;Int.cast_ofNat_Int;Int.zero_add;Int.sub_zero;Nat.add_zero;Int.natCast_add
pred_britton_via_tower__lemma_inv_shift_word_valid_for_tower,_tactus_precondition_pred_britton_via_tower.lemma_inv_shift_word_valid_for_tower_at_pred_britton_via_tower_1274_5_4,precondition,12,DERIVABLE,REWRITE-CLOSURE(fixed-core),yes,and_imp;forall_eq;and_self;implies_true;eq_iff_iff;true_and;Nat.zero_add;Int.cast_ofNat_Int;Int.zero_add;Int.sub_zero;Nat.add_zero;Int.natCast_add
pred_britton_via_tower__lemma_no_pinch_action_nontrivial,_tactus_postcondition_pred_britton_via_tower.lemma_no_pinch_action_nontrivial_at_pred_britton_via_tower_7916_9_7,postcondition,13,DERIVABLE,REWRITE-CLOSURE(core-extended),yes,and_imp;forall_eq;and_self;implies_true;eq_iff_iff;true_and;Nat.zero_add;Int.cast_ofNat_Int;Int.zero_add;Int.sub_zero;Nat.add_zero;Int.natCast_add;ge_iff_le
pred_britton_via_tower__lemma_no_pinch_action_nontrivial,_tactus_precondition_pred_britton_via_tower.lemma_no_pinch_action_nontrivial_at_pred_britton_via_tower_7919_5_2,precondition,13,DERIVABLE,REWRITE-CLOSURE(fixed-core),yes,and_imp;forall_eq;and_self;implies_true;eq_iff_iff;true_and;Nat.zero_add;Int.cast_ofNat_Int;Int.zero_add;Int.sub_zero;Nat.add_zero;Int.natCast_add;not_false_eq_true
pred_britton_via_tower__lemma_no_pinch_action_nontrivial,_tactus_precondition_pred_britton_via_tower.lemma_no_pinch_action_nontrivial_at_pred_britton_via_tower_7920_5_4,precondition,12,DERIVABLE,REWRITE-CLOSURE(fixed-core),yes,and_imp;forall_eq;and_self;implies_true;eq_iff_iff;true_and;Nat.zero_add;Int.cast_ofNat_Int;Int.zero_add;Int.sub_zero;Nat.add_zero;Int.natCast_add
pred_britton_via_tower__lemma_no_pinch_action_nontrivial,_tactus_precondition_pred_britton_via_tower.lemma_no_pinch_action_nontrivial_at_pred_britton_via_tower_7921_5_6,precondition,12,DERIVABLE,REWRITE-CLOSURE(fixed-core),yes,and_imp;forall_eq;and_self;implies_true;eq_iff_iff;true_and;Nat.zero_add;Int.cast_ofNat_Int;Int.zero_add;Int.sub_zero;Nat.add_zero;Int.natCast_add
pred_britton_via_tower__lemma_not_in_left_subgroup_rep_nonempty,_tactus_postcondition_pred_britton_via_tower.lemma_not_in_left_subgroup_rep_nonempty_at_pred_britton_via_tower_2965_9_3,postcondition,14,DERIVABLE,REWRITE-CLOSURE(core-extended),yes,and_imp;forall_eq;and_self;implies_true;eq_iff_iff;true_and;Nat.zero_add;Int.cast_ofNat_Int;Int.zero_add;Int.sub_zero;Nat.add_zero;Int.natCast_add;imp_false;not_true_eq_false
pred_britton_via_tower__lemma_not_in_left_subgroup_rep_nonempty,_tactus_postcondition_pred_britton_via_tower.lemma_not_in_left_subgroup_rep_nonempty_at_pred_britton_via_tower_2965_9_4,postcondition,15,DERIVABLE,REWRITE-CLOSURE(core-extended),yes,and_imp;forall_eq;and_self;implies_true;eq_iff_iff;true_and;Nat.zero_add;Int.cast_ofNat_Int;Int.zero_add;Int.sub_zero;Nat.add_zero;Int.natCast_add;not_and;Classical.not_forall;not_imp
pred_britton_via_tower__lemma_not_in_left_subgroup_rep_nonempty,_tactus_precondition_pred_britton_via_tower.lemma_not_in_left_subgroup_rep_nonempty_at_pred_britton_via_tower_2968_9_2,precondition,12,DERIVABLE,REWRITE-CLOSURE(fixed-core),yes,and_imp;forall_eq;and_self;implies_true;eq_iff_iff;true_and;Nat.zero_add;Int.cast_ofNat_Int;Int.zero_add;Int.sub_zero;Nat.add_zero;Int.natCast_add
pred_britton_via_tower__lemma_not_in_right_subgroup_rep_nonempty,_tactus_postcondition_pred_britton_via_tower.lemma_not_in_right_subgroup_rep_nonempty_at_pred_britton_via_tower_2948_9_3,postcondition,13,DERIVABLE,REWRITE-CLOSURE(fixed-core),yes,and_imp;forall_eq;and_self;implies_true;eq_iff_iff;true_and;Nat.zero_add;Int.cast_ofNat_Int;Int.zero_add;Int.sub_zero;Nat.add_zero;Int.natCast_add;not_true_eq_false
pred_britton_via_tower__lemma_not_in_right_subgroup_rep_nonempty,_tactus_postcondition_pred_britton_via_tower.lemma_not_in_right_subgroup_rep_nonempty_at_pred_britton_via_tower_2948_9_4,postcondition,15,DERIVABLE,REWRITE-CLOSURE(core-extended),yes,and_imp;forall_eq;and_self;implies_true;eq_iff_iff;true_and;Nat.zero_add;Int.cast_ofNat_Int;Int.zero_add;Int.sub_zero;Nat.add_zero;Int.natCast_add;not_and;Classical.not_forall;not_imp
pred_britton_via_tower__lemma_not_in_right_subgroup_rep_nonempty,_tactus_precondition_pred_britton_via_tower.lemma_not_in_right_subgroup_rep_nonempty_at_pred_britton_via_tower_2952_9_2,precondition,12,DERIVABLE,REWRITE-CLOSURE(fixed-core),yes,and_imp;forall_eq;and_self;implies_true;eq_iff_iff;true_and;Nat.zero_add;Int.cast_ofNat_Int;Int.zero_add;Int.sub_zero;Nat.add_zero;Int.natCast_add
pred_britton_via_tower__lemma_stable_pair_inv_gen,_tactus_precondition_pred_britton_via_tower.lemma_stable_pair_inv_gen_at_pred_britton_via_tower_7222_9_2,precondition,17,DERIVABLE,REWRITE-CLOSURE(core-extended),yes,gt_iff_lt;and_imp;not_and;Classical.not_forall;not_imp;forall_eq;and_self;implies_true;eq_iff_iff;true_and;Nat.zero_add;Int.cast_ofNat_Int;Int.zero_add;Int.sub_zero;Nat.add_zero;Int.natCast_add;not_false_eq_true
pred_britton_via_tower__lemma_stable_pair_inv_gen,_tactus_precondition_pred_britton_via_tower.lemma_stable_pair_inv_gen_at_pred_britton_via_tower_7224_9_5,precondition,18,MIN-FAILS,MIN-FAILS,NO,gt_iff_lt;and_imp;not_and;Classical.not_forall;not_imp;forall_eq;and_self;implies_true;eq_iff_iff;true_and;Nat.zero_add;Int.cast_ofNat_Int;Int.zero_add;Int.sub_zero;Nat.add_zero;Int.natCast_add;Decidable.not_not;imp_self
pred_britton_via_tower__lemma_stable_pair_inv_gen,_tactus_precondition_pred_britton_via_tower.lemma_stable_pair_inv_gen_at_pred_britton_via_tower_7226_9_8,precondition,19,MIN-FAILS,MIN-FAILS,NO,gt_iff_lt;and_imp;not_and;Classical.not_forall;not_imp;forall_eq;and_self;implies_true;eq_iff_iff;true_and;Nat.zero_add;Int.cast_ofNat_Int;Int.zero_add;Int.sub_zero;Nat.add_zero;Int.natCast_add;Decidable.not_not;not_true_eq_false;false_implies
pred_britton_via_tower__lemma_subgroup_right_cancel,_tactus_postcondition_pred_britton_via_tower.lemma_subgroup_right_cancel_at_pred_britton_via_tower_2985_9_9,postcondition,12,DERIVABLE,REWRITE-CLOSURE(fixed-core),yes,and_imp;forall_eq;and_self;implies_true;eq_iff_iff;true_and;Nat.zero_add;Int.cast_ofNat_Int;Int.zero_add;Int.sub_zero;Nat.add_zero;Int.natCast_add
pred_britton_via_tower__lemma_subgroup_right_cancel,_tactus_precondition_pred_britton_via_tower.lemma_subgroup_right_cancel_at_pred_britton_via_tower_2989_5_2,precondition,12,DERIVABLE,REWRITE-CLOSURE(fixed-core),yes,and_imp;forall_eq;and_self;implies_true;eq_iff_iff;true_and;Nat.zero_add;Int.cast_ofNat_Int;Int.zero_add;Int.sub_zero;Nat.add_zero;Int.natCast_add
pred_britton_via_tower__lemma_subgroup_right_cancel,_tactus_precondition_pred_britton_via_tower.lemma_subgroup_right_cancel_at_pred_britton_via_tower_2991_5_4,precondition,12,DERIVABLE,REWRITE-CLOSURE(fixed-core),yes,and_imp;forall_eq;and_self;implies_true;eq_iff_iff;true_and;Nat.zero_add;Int.cast_ofNat_Int;Int.zero_add;Int.sub_zero;Nat.add_zero;Int.natCast_add
pred_britton_via_tower__lemma_subgroup_right_cancel,_tactus_precondition_pred_britton_via_tower.lemma_subgroup_right_cancel_at_pred_britton_via_tower_2993_5_6,precondition,12,DERIVABLE,REWRITE-CLOSURE(fixed-core),yes,and_imp;forall_eq;and_self;implies_true;eq_iff_iff;true_and;Nat.zero_add;Int.cast_ofNat_Int;Int.zero_add;Int.sub_zero;Nat.add_zero;Int.natCast_add
pred_britton_via_tower__lemma_subgroup_right_cancel,_tactus_precondition_pred_britton_via_tower.lemma_subgroup_right_cancel_at_pred_britton_via_tower_2995_5_8,precondition,12,DERIVABLE,REWRITE-CLOSURE(fixed-core),yes,and_imp;forall_eq;and_self;implies_true;eq_iff_iff;true_and;Nat.zero_add;Int.cast_ofNat_Int;Int.zero_add;Int.sub_zero;Nat.add_zero;Int.natCast_add
pred_britton_via_tower__lemma_textbook_base_case,_tactus_postcondition_pred_britton_via_tower.lemma_textbook_base_case_at_pred_britton_via_tower_5332_9_6,postcondition,12,DERIVABLE,REWRITE-CLOSURE(fixed-core),yes,and_imp;forall_eq;and_self;implies_true;eq_iff_iff;true_and;Nat.zero_add;Int.cast_ofNat_Int;Int.zero_add;Int.sub_zero;Nat.add_zero;Int.natCast_add
pred_britton_via_tower__lemma_textbook_base_case,_tactus_precondition_pred_britton_via_tower.lemma_textbook_base_case_at_pred_britton_via_tower_5337_10_2,precondition,12,DERIVABLE,REWRITE-CLOSURE(fixed-core),yes,and_imp;forall_eq;and_self;implies_true;eq_iff_iff;true_and;Nat.zero_add;Int.cast_ofNat_Int;Int.zero_add;Int.sub_zero;Nat.add_zero;Int.natCast_add
pred_britton_via_tower__lemma_textbook_base_case,_tactus_precondition_pred_britton_via_tower.lemma_textbook_base_case_at_pred_britton_via_tower_5338_5_5,precondition,13,DERIVABLE,REWRITE-CLOSURE(fixed-core),yes,and_imp;forall_eq;and_self;implies_true;eq_iff_iff;true_and;Nat.zero_add;Int.cast_ofNat_Int;Int.zero_add;Int.sub_zero;Nat.add_zero;Int.natCast_add;not_false_eq_true
pred_emb_respects__lemma_pred_insert_equiv_empty,_tactus_postcondition_pred_emb_respects.lemma_pred_insert_equiv_empty_at_pred_emb_respects_58_9_9,postcondition,12,DERIVABLE,REWRITE-CLOSURE(fixed-core),yes,and_imp;forall_eq;and_self;implies_true;eq_iff_iff;true_and;Nat.zero_add;Int.cast_ofNat_Int;Int.zero_add;Int.sub_zero;Nat.add_zero;Int.natCast_add
pred_emb_respects__lemma_pred_insert_equiv_empty,_tactus_precondition_pred_emb_respects.lemma_pred_insert_equiv_empty_at_pred_emb_respects_60_5_2,precondition,12,DERIVABLE,REWRITE-CLOSURE(fixed-core),yes,and_imp;forall_eq;and_self;implies_true;eq_iff_iff;true_and;Nat.zero_add;Int.cast_ofNat_Int;Int.zero_add;Int.sub_zero;Nat.add_zero;Int.natCast_add
pred_emb_respects__lemma_pred_insert_equiv_empty,_tactus_precondition_pred_emb_respects.lemma_pred_insert_equiv_empty_at_pred_emb_respects_61_5_4,precondition,12,DERIVABLE,REWRITE-CLOSURE(fixed-core),yes,and_imp;forall_eq;and_self;implies_true;eq_iff_iff;true_and;Nat.zero_add;Int.cast_ofNat_Int;Int.zero_add;Int.sub_zero;Nat.add_zero;Int.natCast_add
pred_emb_respects__lemma_pred_insert_equiv_empty,_tactus_precondition_pred_emb_respects.lemma_pred_insert_equiv_empty_at_pred_emb_respects_62_5_6,precondition,12,DERIVABLE,REWRITE-CLOSURE(fixed-core),yes,and_imp;forall_eq;and_self;implies_true;eq_iff_iff;true_and;Nat.zero_add;Int.cast_ofNat_Int;Int.zero_add;Int.sub_zero;Nat.add_zero;Int.natCast_add
pred_emb_respects__lemma_pred_insert_equiv_empty,_tactus_precondition_pred_emb_respects.lemma_pred_insert_equiv_empty_at_pred_emb_respects_63_5_8,precondition,12,DERIVABLE,REWRITE-CLOSURE(fixed-core),yes,and_imp;forall_eq;and_self;implies_true;eq_iff_iff;true_and;Nat.zero_add;Int.cast_ofNat_Int;Int.zero_add;Int.sub_zero;Nat.add_zero;Int.natCast_add
pred_normal_form_afp_textbook__lemma_a_rcoset_rep_idempotent,_tactus_precondition_pred_normal_form_afp_textbook.lemma_a_rcoset_rep_idempotent_at_pred_normal_form_afp_textbook_9940_5_2,precondition,12,DERIVABLE,REWRITE-CLOSURE(fixed-core),yes,and_imp;forall_eq;and_self;implies_true;eq_iff_iff;true_and;Nat.zero_add;Int.cast_ofNat_Int;Int.zero_add;Int.sub_zero;Nat.add_zero;Int.natCast_add
pred_normal_form_afp_textbook__lemma_a_rcoset_rep_idempotent,_tactus_precondition_pred_normal_form_afp_textbook.lemma_a_rcoset_rep_idempotent_at_pred_normal_form_afp_textbook_9941_5_4,precondition,12,DERIVABLE,REWRITE-CLOSURE(fixed-core),yes,and_imp;forall_eq;and_self;implies_true;eq_iff_iff;true_and;Nat.zero_add;Int.cast_ofNat_Int;Int.zero_add;Int.sub_zero;Nat.add_zero;Int.natCast_add
pred_normal_form_afp_textbook__lemma_a_rcoset_rep_idempotent,_tactus_precondition_pred_normal_form_afp_textbook.lemma_a_rcoset_rep_idempotent_at_pred_normal_form_afp_textbook_9942_5_6,precondition,12,DERIVABLE,REWRITE-CLOSURE(fixed-core),yes,and_imp;forall_eq;and_self;implies_true;eq_iff_iff;true_and;Nat.zero_add;Int.cast_ofNat_Int;Int.zero_add;Int.sub_zero;Nat.add_zero;Int.natCast_add
pred_normal_form_afp_textbook__lemma_act_sym_preserves_canonical,_tactus_postcondition_pred_normal_form_afp_textbook.lemma_act_sym_preserves_canonical_at_pred_normal_form_afp_textbook_5985_9_3,postcondition,12,DERIVABLE,REWRITE-CLOSURE(fixed-core),yes,and_imp;forall_eq;and_self;implies_true;eq_iff_iff;true_and;Nat.zero_add;Int.cast_ofNat_Int;Int.zero_add;Int.sub_zero;Nat.add_zero;Int.natCast_add
pred_normal_form_afp_textbook__lemma_act_sym_preserves_canonical,_tactus_postcondition_pred_normal_form_afp_textbook.lemma_act_sym_preserves_canonical_at_pred_normal_form_afp_textbook_5985_9_6,postcondition,13,DERIVABLE,REWRITE-CLOSURE(core-extended),yes,and_imp;forall_eq;and_self;implies_true;eq_iff_iff;true_and;Nat.zero_add;Int.cast_ofNat_Int;Int.zero_add;Int.sub_zero;Nat.add_zero;Int.natCast_add;Nat.not_lt
pred_normal_form_afp_textbook__lemma_act_sym_preserves_canonical,_tactus_precondition_pred_normal_form_afp_textbook.lemma_act_sym_preserves_canonical_at_pred_normal_form_afp_textbook_5990_9_2,precondition,12,DERIVABLE,REWRITE-CLOSURE(fixed-core),yes,and_imp;forall_eq;and_self;implies_true;eq_iff_iff;true_and;Nat.zero_add;Int.cast_ofNat_Int;Int.zero_add;Int.sub_zero;Nat.add_zero;Int.natCast_add
pred_normal_form_afp_textbook__lemma_act_sym_preserves_canonical,_tactus_precondition_pred_normal_form_afp_textbook.lemma_act_sym_preserves_canonical_at_pred_normal_form_afp_textbook_5992_9_5,precondition,14,DERIVABLE,REWRITE-CLOSURE(core-extended),yes,and_imp;forall_eq;and_self;implies_true;eq_iff_iff;true_and;Nat.zero_add;Int.cast_ofNat_Int;Int.zero_add;Int.sub_zero;Nat.add_zero;Int.natCast_add;Nat.not_lt;ge_iff_le
pred_normal_form_afp_textbook__lemma_afp_injectivity_textbook,_tactus_precondition_pred_normal_form_afp_textbook.lemma_afp_injectivity_textbook_at_pred_normal_form_afp_textbook_7989_5_2,precondition,12,DERIVABLE,REWRITE-CLOSURE(fixed-core),yes,and_imp;forall_eq;and_self;implies_true;eq_iff_iff;true_and;Nat.zero_add;Int.cast_ofNat_Int;Int.zero_add;Int.sub_zero;Nat.add_zero;Int.natCast_add
pred_normal_form_afp_textbook__lemma_b_rcoset_rep_idempotent,_tactus_precondition_pred_normal_form_afp_textbook.lemma_b_rcoset_rep_idempotent_at_pred_normal_form_afp_textbook_10772_5_2,precondition,12,DERIVABLE,REWRITE-CLOSURE(fixed-core),yes,and_imp;forall_eq;and_self;implies_true;eq_iff_iff;true_and;Nat.zero_add;Int.cast_ofNat_Int;Int.zero_add;Int.sub_zero;Nat.add_zero;Int.natCast_add
pred_normal_form_afp_textbook__lemma_b_rcoset_rep_idempotent,_tactus_precondition_pred_normal_form_afp_textbook.lemma_b_rcoset_rep_idempotent_at_pred_normal_form_afp_textbook_10773_5_4,precondition,12,DERIVABLE,REWRITE-CLOSURE(fixed-core),yes,and_imp;forall_eq;and_self;implies_true;eq_iff_iff;true_and;Nat.zero_add;Int.cast_ofNat_Int;Int.zero_add;Int.sub_zero;Nat.add_zero;Int.natCast_add
pred_normal_form_afp_textbook__lemma_b_rcoset_rep_idempotent,_tactus_precondition_pred_normal_form_afp_textbook.lemma_b_rcoset_rep_idempotent_at_pred_normal_form_afp_textbook_10774_5_6,precondition,12,DERIVABLE,REWRITE-CLOSURE(fixed-core),yes,and_imp;forall_eq;and_self;implies_true;eq_iff_iff;true_and;Nat.zero_add;Int.cast_ofNat_Int;Int.zero_add;Int.sub_zero;Nat.add_zero;Int.natCast_add
pred_normal_form_afp_textbook__lemma_equiv_inverse_helper,_tactus_postcondition_pred_normal_form_afp_textbook.lemma_equiv_inverse_helper_at_pred_normal_form_afp_textbook_7182_9_12,postcondition,12,DERIVABLE,REWRITE-CLOSURE(fixed-core),yes,and_imp;forall_eq;and_self;implies_true;eq_iff_iff;true_and;Nat.zero_add;Int.cast_ofNat_Int;Int.zero_add;Int.sub_zero;Nat.add_zero;Int.natCast_add
pred_normal_form_afp_textbook__lemma_equiv_inverse_helper,_tactus_precondition_pred_normal_form_afp_textbook.lemma_equiv_inverse_helper_at_pred_normal_form_afp_textbook_7185_5_2,precondition,12,DERIVABLE,REWRITE-CLOSURE(fixed-core),yes,and_imp;forall_eq;and_self;implies_true;eq_iff_iff;true_and;Nat.zero_add;Int.cast_ofNat_Int;Int.zero_add;Int.sub_zero;Nat.add_zero;Int.natCast_add
pred_normal_form_afp_textbook__lemma_equiv_inverse_helper,_tactus_precondition_pred_normal_form_afp_textbook.lemma_equiv_inverse_helper_at_pred_normal_form_afp_textbook_7189_5_5,precondition,12,DERIVABLE,REWRITE-CLOSURE(fixed-core),yes,and_imp;forall_eq;and_self;implies_true;eq_iff_iff;true_and;Nat.zero_add;Int.cast_ofNat_Int;Int.zero_add;Int.sub_zero;Nat.add_zero;Int.natCast_add
pred_normal_form_afp_textbook__lemma_equiv_inverse_helper,_tactus_precondition_pred_normal_form_afp_textbook.lemma_equiv_inverse_helper_at_pred_normal_form_afp_textbook_7191_5_7,precondition,12,DERIVABLE,REWRITE-CLOSURE(fixed-core),yes,and_imp;forall_eq;and_self;implies_true;eq_iff_iff;true_and;Nat.zero_add;Int.cast_ofNat_Int;Int.zero_add;Int.sub_zero;Nat.add_zero;Int.natCast_add
pred_normal_form_afp_textbook__lemma_equiv_inverse_helper,_tactus_precondition_pred_normal_form_afp_textbook.lemma_equiv_inverse_helper_at_pred_normal_form_afp_textbook_7192_5_9,precondition,12,DERIVABLE,REWRITE-CLOSURE(fixed-core),yes,and_imp;forall_eq;and_self;implies_true;eq_iff_iff;true_and;Nat.zero_add;Int.cast_ofNat_Int;Int.zero_add;Int.sub_zero;Nat.add_zero;Int.natCast_add
pred_normal_form_afp_textbook__lemma_equiv_inverse_helper,_tactus_precondition_pred_normal_form_afp_textbook.lemma_equiv_inverse_helper_at_pred_normal_form_afp_textbook_7197_5_11,precondition,12,DERIVABLE,REWRITE-CLOSURE(fixed-core),yes,and_imp;forall_eq;and_self;implies_true;eq_iff_iff;true_and;Nat.zero_add;Int.cast_ofNat_Int;Int.zero_add;Int.sub_zero;Nat.add_zero;Int.natCast_add
pred_normal_form_afp_textbook__lemma_insert_trivial_at_state,_tactus_postcondition_pred_normal_form_afp_textbook.lemma_insert_trivial_at_state_at_pred_normal_form_afp_textbook_1919_9_4,postcondition,12,DERIVABLE,REWRITE-CLOSURE(fixed-core),yes,and_imp;forall_eq;and_self;implies_true;eq_iff_iff;true_and;Nat.zero_add;Int.cast_ofNat_Int;Int.zero_add;Int.sub_zero;Nat.add_zero;Int.natCast_add
pred_normal_form_afp_textbook__lemma_inv_s_s_cancel_g2,_tactus_postcondition_pred_normal_form_afp_textbook.lemma_inv_s_s_cancel_g2_at_pred_normal_form_afp_textbook_10905_9_3,postcondition,12,DERIVABLE,REWRITE-CLOSURE(fixed-core),yes,and_imp;forall_eq;and_self;implies_true;eq_iff_iff;true_and;Nat.zero_add;Int.cast_ofNat_Int;Int.zero_add;Int.sub_zero;Nat.add_zero;Int.natCast_add
pred_normal_form_afp_textbook__lemma_inv_s_s_cancel_g2,_tactus_precondition_pred_normal_form_afp_textbook.lemma_inv_s_s_cancel_g2_at_pred_normal_form_afp_textbook_10910_5_2,precondition,12,DERIVABLE,REWRITE-CLOSURE(fixed-core),yes,and_imp;forall_eq;and_self;implies_true;eq_iff_iff;true_and;Nat.zero_add;Int.cast_ofNat_Int;Int.zero_add;Int.sub_zero;Nat.add_zero;Int.natCast_add
pred_normal_form_afp_textbook__lemma_inverse_pair_g1,_tactus_precondition_pred_normal_form_afp_textbook.lemma_inverse_pair_g1_at_pred_normal_form_afp_textbook_10381_9_2,precondition,12,DERIVABLE,REWRITE-CLOSURE(fixed-core),yes,and_imp;forall_eq;and_self;implies_true;eq_iff_iff;true_and;Nat.zero_add;Int.cast_ofNat_Int;Int.zero_add;Int.sub_zero;Nat.add_zero;Int.natCast_add
pred_normal_form_afp_textbook__lemma_inverse_pair_g1,_tactus_precondition_pred_normal_form_afp_textbook.lemma_inverse_pair_g1_at_pred_normal_form_afp_textbook_10384_9_5,precondition,15,DERIVABLE,REWRITE-CLOSURE(core-extended),yes,and_imp;forall_eq;and_self;implies_true;eq_iff_iff;true_and;Nat.zero_add;Int.cast_ofNat_Int;Int.zero_add;Int.sub_zero;Nat.add_zero;Int.natCast_add;not_and;Classical.not_forall;not_imp
pred_normal_form_afp_textbook__lemma_inverse_pair_g1,_tactus_precondition_pred_normal_form_afp_textbook.lemma_inverse_pair_g1_at_pred_normal_form_afp_textbook_10391_13_8,precondition,20,DERIVABLE,REWRITE-CLOSURE(core-extended)+omega,omega-tail,and_imp;forall_eq;and_self;implies_true;eq_iff_iff;true_and;Nat.zero_add;Int.cast_ofNat_Int;Int.zero_add;Int.sub_zero;Nat.add_zero;Int.natCast_add;not_and;Classical.not_forall;not_imp;not_or;Decidable.not_not;gt_iff_lt;and_true;Int.ofNat_zero_le
pred_normal_form_afp_textbook__lemma_inverse_pair_g1,_tactus_precondition_pred_normal_form_afp_textbook.lemma_inverse_pair_g1_at_pred_normal_form_afp_textbook_10394_13_11,precondition,20,DERIVABLE,REWRITE-CLOSURE(core-extended)+omega,omega-tail,and_imp;forall_eq;and_self;implies_true;eq_iff_iff;true_and;Nat.zero_add;Int.cast_ofNat_Int;Int.zero_add;Int.sub_zero;Nat.add_zero;Int.natCast_add;not_and;Classical.not_forall;not_imp;not_or;Decidable.not_not;gt_iff_lt;and_true;Int.ofNat_zero_le
pred_normal_form_afp_textbook__lemma_trivial_action_inverse,_tactus_postcondition_pred_normal_form_afp_textbook.lemma_trivial_action_inverse_at_pred_normal_form_afp_textbook_4907_9_4,postcondition,12,DERIVABLE,REWRITE-CLOSURE(fixed-core),yes,and_imp;forall_eq;and_self;implies_true;eq_iff_iff;true_and;Nat.zero_add;Int.cast_ofNat_Int;Int.zero_add;Int.sub_zero;Nat.add_zero;Int.natCast_add
pred_normal_form_afp_textbook__lemma_trivial_action_inverse,_tactus_precondition_pred_normal_form_afp_textbook.lemma_trivial_action_inverse_at_pred_normal_form_afp_textbook_4909_5_2,precondition,12,DERIVABLE,REWRITE-CLOSURE(fixed-core),yes,and_imp;forall_eq;and_self;implies_true;eq_iff_iff;true_and;Nat.zero_add;Int.cast_ofNat_Int;Int.zero_add;Int.sub_zero;Nat.add_zero;Int.natCast_add
pred_presentation_lemmas__lemma_pred_equiv_concat,_tactus_postcondition_pred_presentation_lemmas.lemma_pred_equiv_concat_at_pred_presentation_lemmas_224_9_7,postcondition,12,DERIVABLE,REWRITE-CLOSURE(fixed-core),yes,and_imp;forall_eq;and_self;implies_true;eq_iff_iff;true_and;Nat.zero_add;Int.cast_ofNat_Int;Int.zero_add;Int.sub_zero;Nat.add_zero;Int.natCast_add
pred_tower__britton_lemma_via_tower,_tactus_precondition_pred_tower.britton_lemma_via_tower_at_pred_tower_307_5_2,precondition,12,DERIVABLE,REWRITE-CLOSURE(fixed-core),yes,and_imp;forall_eq;and_self;implies_true;eq_iff_iff;true_and;Nat.zero_add;Int.cast_ofNat_Int;Int.zero_add;Int.sub_zero;Nat.add_zero;Int.natCast_add
presentation_lemmas__lemma_equiv_concat,_tactus_postcondition_presentation_lemmas.lemma_equiv_concat_at_presentation_lemmas_217_9_7,postcondition,12,DERIVABLE,REWRITE-CLOSURE(fixed-core),yes,and_imp;forall_eq;and_self;implies_true;eq_iff_iff;true_and;Nat.zero_add;Int.cast_ofNat_Int;Int.zero_add;Int.sub_zero;Nat.add_zero;Int.natCast_add
prop_v__lemma_emb_a_reduced,_tactus_postcondition_prop_v.lemma_emb_a_reduced_at_prop_v_90_9_5,postcondition,14,DERIVABLE,REWRITE-CLOSURE(core-extended),yes,and_imp;forall_eq;and_self;implies_true;eq_iff_iff;true_and;Nat.zero_add;Int.cast_ofNat_Int;Int.zero_add;Int.sub_zero;Nat.add_zero;Int.natCast_add;Int.ofNat_eq_coe;ge_iff_le
prop_v__lemma_emb_a_reduced,_tactus_precondition_prop_v.lemma_emb_a_reduced_at_prop_v_104_5_2,precondition,12,DERIVABLE,REWRITE-CLOSURE(fixed-core),yes,and_imp;forall_eq;and_self;implies_true;eq_iff_iff;true_and;Nat.zero_add;Int.cast_ofNat_Int;Int.zero_add;Int.sub_zero;Nat.add_zero;Int.natCast_add
prop_v__lemma_emb_a_reduced,_tactus_precondition_prop_v.lemma_emb_a_reduced_at_prop_v_105_5_4,precondition,13,DERIVABLE,REWRITE-CLOSURE(fixed-core),yes,and_imp;forall_eq;and_self;implies_true;eq_iff_iff;true_and;Nat.zero_add;Int.cast_ofNat_Int;Int.zero_add;Int.sub_zero;Nat.add_zero;Int.natCast_add;Int.ofNat_eq_coe
quotient__lemma_add_relator_preserves_equiv,_tactus_postcondition_quotient.lemma_add_relator_preserves_equiv_at_quotient_63_9_4,postcondition,12,DERIVABLE,REWRITE-CLOSURE(fixed-core),yes,and_imp;forall_eq;and_self;implies_true;eq_iff_iff;true_and;Nat.zero_add;Int.cast_ofNat_Int;Int.zero_add;Int.sub_zero;Nat.add_zero;Int.natCast_add
quotient__lemma_add_relator_preserves_equiv,_tactus_precondition_quotient.lemma_add_relator_preserves_equiv_at_quotient_66_5_3,precondition,12,DERIVABLE,REWRITE-CLOSURE(fixed-core),yes,and_imp;forall_eq;and_self;implies_true;eq_iff_iff;true_and;Nat.zero_add;Int.cast_ofNat_Int;Int.zero_add;Int.sub_zero;Nat.add_zero;Int.natCast_add
quotient__lemma_add_relators_preserves_equiv,_tactus_postcondition_quotient.lemma_add_relators_preserves_equiv_at_quotient_120_9_4,postcondition,12,DERIVABLE,REWRITE-CLOSURE(fixed-core),yes,and_imp;forall_eq;and_self;implies_true;eq_iff_iff;true_and;Nat.zero_add;Int.cast_ofNat_Int;Int.zero_add;Int.sub_zero;Nat.add_zero;Int.natCast_add
quotient__lemma_add_relators_preserves_equiv,_tactus_precondition_quotient.lemma_add_relators_preserves_equiv_at_quotient_123_5_3,precondition,12,DERIVABLE,REWRITE-CLOSURE(fixed-core),yes,and_imp;forall_eq;and_self;implies_true;eq_iff_iff;true_and;Nat.zero_add;Int.cast_ofNat_Int;Int.zero_add;Int.sub_zero;Nat.add_zero;Int.natCast_add
r_prime__lemma_config_reflect_full,_tactus_precondition_r_prime.lemma_config_reflect_full_at_r_prime_1675_5_2,precondition,12,DERIVABLE,REWRITE-CLOSURE(fixed-core),yes,and_imp;forall_eq;and_self;implies_true;eq_iff_iff;true_and;Nat.zero_add;Int.cast_ofNat_Int;Int.zero_add;Int.sub_zero;Nat.add_zero;Int.natCast_add
r_prime__lemma_config_reflect_full,_tactus_precondition_r_prime.lemma_config_reflect_full_at_r_prime_1676_5_4,precondition,15,DERIVABLE,REWRITE-CLOSURE(core-extended)+omega,omega-tail,and_imp;forall_eq;and_self;implies_true;eq_iff_iff;true_and;Nat.zero_add;Int.cast_ofNat_Int;Int.zero_add;Int.sub_zero;Nat.add_zero;Int.natCast_add;ge_iff_le;and_true;Int.ofNat_zero_le
r_prime_b__lemma_phi_prime_in_sigma_config,_tactus_assert_r_prime_b.lemma_phi_prime_in_sigma_config_at_r_prime_b_172_13_3,assert,13,DERIVABLE,REWRITE-CLOSURE(fixed-core),yes,and_imp;forall_eq;and_self;implies_true;eq_iff_iff;true_and;Nat.zero_add;Int.cast_ofNat_Int;Int.zero_add;Int.sub_zero;Nat.add_zero;Int.natCast_add;imp_self
r_prime_b__lemma_phi_prime_in_sigma_config,_tactus_postcondition_r_prime_b.lemma_phi_prime_in_sigma_config_at_r_prime_b_163_9_8,postcondition,13,DERIVABLE,REWRITE-CLOSURE(fixed-core),yes,and_imp;forall_eq;and_self;implies_true;eq_iff_iff;true_and;Nat.zero_add;Int.cast_ofNat_Int;Int.zero_add;Int.sub_zero;Nat.add_zero;Int.natCast_add;imp_self
r_prime_b__lemma_phi_prime_in_sigma_config,_tactus_precondition_r_prime_b.lemma_phi_prime_in_sigma_config_at_r_prime_b_169_14_2,precondition,12,DERIVABLE,REWRITE-CLOSURE(fixed-core),yes,and_imp;forall_eq;and_self;implies_true;eq_iff_iff;true_and;Nat.zero_add;Int.cast_ofNat_Int;Int.zero_add;Int.sub_zero;Nat.add_zero;Int.natCast_add
r_prime_b__lemma_phi_prime_in_sigma_config,_tactus_precondition_r_prime_b.lemma_phi_prime_in_sigma_config_at_r_prime_b_175_5_5,precondition,13,DERIVABLE,REWRITE-CLOSURE(fixed-core),yes,and_imp;forall_eq;and_self;implies_true;eq_iff_iff;true_and;Nat.zero_add;Int.cast_ofNat_Int;Int.zero_add;Int.sub_zero;Nat.add_zero;Int.natCast_add;imp_self
r_prime_b__lemma_phi_prime_in_sigma_config,_tactus_precondition_r_prime_b.lemma_phi_prime_in_sigma_config_at_r_prime_b_176_5_7,precondition,13,DERIVABLE,REWRITE-CLOSURE(fixed-core),yes,and_imp;forall_eq;and_self;implies_true;eq_iff_iff;true_and;Nat.zero_add;Int.cast_ofNat_Int;Int.zero_add;Int.sub_zero;Nat.add_zero;Int.natCast_add;imp_self
r_prime_b__lemma_r_prime_b_transfer,_tactus_precondition_r_prime_b.lemma_r_prime_b_transfer_at_r_prime_b_786_5_2,precondition,12,DERIVABLE,REWRITE-CLOSURE(fixed-core),yes,and_imp;forall_eq;and_self;implies_true;eq_iff_iff;true_and;Nat.zero_add;Int.cast_ofNat_Int;Int.zero_add;Int.sub_zero;Nat.add_zero;Int.natCast_add
r_prime_b__lemma_r_prime_b_transfer,_tactus_precondition_r_prime_b.lemma_r_prime_b_transfer_at_r_prime_b_787_5_4,precondition,12,DERIVABLE,REWRITE-CLOSURE(fixed-core),yes,and_imp;forall_eq;and_self;implies_true;eq_iff_iff;true_and;Nat.zero_add;Int.cast_ofNat_Int;Int.zero_add;Int.sub_zero;Nat.add_zero;Int.natCast_add
reduction__lemma_find_gives_cancellation,_tactus_postcondition_reduction.lemma_find_gives_cancellation_at_reduction_388_9_2,postcondition,14,DERIVABLE,REWRITE-CLOSURE(fixed-core),yes,Int.ofNat_eq_coe;forall_const;and_imp;forall_eq;and_self;implies_true;eq_iff_iff;true_and;Nat.zero_add;Int.cast_ofNat_Int;Int.zero_add;Int.sub_zero;Nat.add_zero;Int.natCast_add
reduction__lemma_reduces_to_concat,_tactus_postcondition_reduction.lemma_reduces_to_concat_at_reduction_774_9_7,postcondition,12,DERIVABLE,REWRITE-CLOSURE(fixed-core),yes,and_imp;forall_eq;and_self;implies_true;eq_iff_iff;true_and;Nat.zero_add;Int.cast_ofNat_Int;Int.zero_add;Int.sub_zero;Nat.add_zero;Int.natCast_add
reduction__lemma_reduces_to_reduced_unique,_tactus_postcondition_reduction.lemma_reduces_to_reduced_unique_at_reduction_801_9_13,postcondition,14,DERIVABLE,REWRITE-CLOSURE(core-extended),yes,and_imp;forall_eq;and_self;implies_true;eq_iff_iff;true_and;Nat.zero_add;Int.cast_ofNat_Int;Int.zero_add;Int.sub_zero;Nat.add_zero;Int.natCast_add;forall_const;not_exists
reduction__lemma_reduces_to_reduced_unique,_tactus_precondition_reduction.lemma_reduces_to_reduced_unique_at_reduction_805_5_3,precondition,12,DERIVABLE,REWRITE-CLOSURE(fixed-core),yes,and_imp;forall_eq;and_self;implies_true;eq_iff_iff;true_and;Nat.zero_add;Int.cast_ofNat_Int;Int.zero_add;Int.sub_zero;Nat.add_zero;Int.natCast_add
reduction__lemma_reduces_to_reduced_unique,_tactus_precondition_reduction.lemma_reduces_to_reduced_unique_at_reduction_808_5_5,precondition,13,DERIVABLE,REWRITE-CLOSURE(fixed-core),yes,and_imp;forall_eq;and_self;implies_true;eq_iff_iff;true_and;Nat.zero_add;Int.cast_ofNat_Int;Int.zero_add;Int.sub_zero;Nat.add_zero;Int.natCast_add;forall_const
reduction__lemma_reduces_to_reduced_unique,_tactus_precondition_reduction.lemma_reduces_to_reduced_unique_at_reduction_809_5_7,precondition,14,DERIVABLE,REWRITE-CLOSURE(core-extended),yes,and_imp;forall_eq;and_self;implies_true;eq_iff_iff;true_and;Nat.zero_add;Int.cast_ofNat_Int;Int.zero_add;Int.sub_zero;Nat.add_zero;Int.natCast_add;forall_const;not_exists
reduction__lemma_reduces_to_reduced_unique,_tactus_precondition_reduction.lemma_reduces_to_reduced_unique_at_reduction_812_5_10,precondition,14,DERIVABLE,REWRITE-CLOSURE(core-extended),yes,and_imp;forall_eq;and_self;implies_true;eq_iff_iff;true_and;Nat.zero_add;Int.cast_ofNat_Int;Int.zero_add;Int.sub_zero;Nat.add_zero;Int.natCast_add;forall_const;not_exists
reduction__lemma_reduces_to_reduced_unique,_tactus_precondition_reduction.lemma_reduces_to_reduced_unique_at_reduction_813_5_12,precondition,14,DERIVABLE,REWRITE-CLOSURE(core-extended),yes,and_imp;forall_eq;and_self;implies_true;eq_iff_iff;true_and;Nat.zero_add;Int.cast_ofNat_Int;Int.zero_add;Int.sub_zero;Nat.add_zero;Int.natCast_add;forall_const;not_exists
runtime__apply_hom_symbol_exec,_tactus_postcondition_runtime.apply_hom_symbol_exec_at_runtime_404_9_4,postcondition,16,DERIVABLE,REWRITE-CLOSURE(goal-specific),yes,lib.runtime.RuntimeSymbol.isGen;lib.runtime.RuntimeSymbol.Gen_val0;lib.runtime.RuntimeSymbol.Inv_val0;and_imp;forall_eq;and_self;implies_true;eq_iff_iff;true_and;Nat.zero_add;Int.cast_ofNat_Int;Int.zero_add;Int.sub_zero;Nat.add_zero;Int.natCast_add;imp_self
runtime__apply_hom_symbol_exec,_tactus_postcondition_runtime.apply_hom_symbol_exec_at_runtime_404_9_8,postcondition,16,DERIVABLE,REWRITE-CLOSURE(goal-specific),yes,lib.runtime.RuntimeSymbol.isGen;lib.runtime.RuntimeSymbol.Gen_val0;lib.runtime.RuntimeSymbol.Inv_val0;and_imp;forall_eq;and_self;implies_true;eq_iff_iff;true_and;Nat.zero_add;Int.cast_ofNat_Int;Int.zero_add;Int.sub_zero;Nat.add_zero;Int.natCast_add;imp_self
runtime__apply_hom_symbol_exec,_tactus_precondition_runtime.apply_hom_symbol_exec_at_runtime_414_21_2,precondition,16,MIN-FAILS,MIN-FAILS,NO,lib.runtime.RuntimeSymbol.isGen;lib.runtime.RuntimeSymbol.Gen_val0;lib.runtime.RuntimeSymbol.Inv_val0;and_imp;forall_eq;and_self;implies_true;eq_iff_iff;true_and;Nat.zero_add;Int.cast_ofNat_Int;Int.zero_add;Int.sub_zero;Nat.add_zero;Int.natCast_add;Int.ofNat_zero_le
runtime__apply_hom_symbol_exec,_tactus_precondition_runtime.apply_hom_symbol_exec_at_runtime_422_21_6,precondition,16,MIN-FAILS,MIN-FAILS,NO,lib.runtime.RuntimeSymbol.isGen;lib.runtime.RuntimeSymbol.Gen_val0;lib.runtime.RuntimeSymbol.Inv_val0;and_imp;forall_eq;and_self;implies_true;eq_iff_iff;true_and;Nat.zero_add;Int.cast_ofNat_Int;Int.zero_add;Int.sub_zero;Nat.add_zero;Int.natCast_add;Int.ofNat_zero_le
runtime__copy_word,_tactus_loop_invariant_runtime.copy_word_at_runtime_444_13_13,loop_invariant,18,DERIVABLE,REWRITE-CLOSURE(core-extended)+omega,omega-tail,and_imp;forall_eq;and_self;implies_true;eq_iff_iff;true_and;Nat.zero_add;Int.cast_ofNat_Int;Int.zero_add;Int.sub_zero;Nat.add_zero;Int.natCast_add;Nat.zero_le;Int.ofNat_eq_coe;Nat.add_left_cancel_iff;Nat.le_add_right;forall_const;Int.ofNat_zero_le
runtime__copy_word,_tactus_loop_invariant_runtime.copy_word_at_runtime_444_13_2,loop_invariant,13,DERIVABLE,REWRITE-CLOSURE(fixed-core),yes,and_imp;forall_eq;and_self;implies_true;eq_iff_iff;true_and;Nat.zero_add;Int.cast_ofNat_Int;Int.zero_add;Int.sub_zero;Nat.add_zero;Int.natCast_add;Nat.zero_le
runtime__copy_word,_tactus_loop_invariant_runtime.copy_word_at_runtime_445_13_14,loop_invariant,17,DERIVABLE,REWRITE-CLOSURE(core-extended),yes,and_imp;forall_eq;and_self;implies_true;eq_iff_iff;true_and;Nat.zero_add;Int.cast_ofNat_Int;Int.zero_add;Int.sub_zero;Nat.add_zero;Int.natCast_add;Nat.zero_le;Int.ofNat_eq_coe;Nat.add_left_cancel_iff;Nat.le_add_right;imp_self
runtime__copy_word,_tactus_loop_invariant_runtime.copy_word_at_runtime_445_13_3,loop_invariant,12,DERIVABLE,REWRITE-CLOSURE(fixed-core),yes,and_imp;forall_eq;and_self;implies_true;eq_iff_iff;true_and;Nat.zero_add;Int.cast_ofNat_Int;Int.zero_add;Int.sub_zero;Nat.add_zero;Int.natCast_add
runtime__copy_word,_tactus_loop_invariant_runtime.copy_word_at_runtime_446_13_15,loop_invariant,17,DERIVABLE,REWRITE-CLOSURE(core-extended),yes,and_imp;forall_eq;and_self;implies_true;eq_iff_iff;true_and;Nat.zero_add;Int.cast_ofNat_Int;Int.zero_add;Int.sub_zero;Nat.add_zero;Int.natCast_add;Nat.zero_le;Int.ofNat_eq_coe;Nat.add_left_cancel_iff;Nat.le_add_right;imp_self
runtime__copy_word,_tactus_loop_invariant_runtime.copy_word_at_runtime_446_13_4,loop_invariant,13,DERIVABLE,REWRITE-CLOSURE(core-extended)+omega,omega-tail,and_imp;forall_eq;and_self;implies_true;eq_iff_iff;true_and;Nat.zero_add;Int.cast_ofNat_Int;Int.zero_add;Int.sub_zero;Nat.add_zero;Int.natCast_add;Int.ofNat_zero_le
runtime__copy_word,_tactus_postcondition_runtime.copy_word_at_runtime_438_13_18,postcondition,16,DERIVABLE,REWRITE-CLOSURE(core-extended)+omega,omega-tail,and_imp;forall_eq;and_self;implies_true;eq_iff_iff;true_and;Nat.zero_add;Int.cast_ofNat_Int;Int.zero_add;Int.sub_zero;Nat.add_zero;Int.natCast_add;Nat.zero_le;Nat.not_lt;and_true;Int.ofNat_zero_le
runtime__copy_word,_tactus_precondition_runtime.copy_word_at_runtime_449_18_7,precondition,13,DERIVABLE,REWRITE-CLOSURE(fixed-core),yes,and_imp;forall_eq;and_self;implies_true;eq_iff_iff;true_and;Nat.zero_add;Int.cast_ofNat_Int;Int.zero_add;Int.sub_zero;Nat.add_zero;Int.natCast_add;Nat.zero_le
runtime__find_cancellation_exec,_tactus_loop_invariant_runtime.find_cancellation_exec_at_runtime_111_13_21,loop_invariant,19,DERIVABLE,REWRITE-CLOSURE(core-extended)+omega,omega-tail,and_imp;forall_eq;and_self;implies_true;eq_iff_iff;true_and;Nat.zero_add;Int.cast_ofNat_Int;Int.zero_add;Int.sub_zero;Nat.add_zero;Int.natCast_add;Nat.zero_le;Nat.not_le;Nat.le_add_left;Int.ofNat_eq_coe;Int.toNat_natCast_add_one;forall_const;Int.ofNat_zero_le
runtime__find_cancellation_exec,_tactus_loop_invariant_runtime.find_cancellation_exec_at_runtime_111_13_5,loop_invariant,15,DERIVABLE,REWRITE-CLOSURE(core-extended),yes,and_imp;forall_eq;and_self;implies_true;eq_iff_iff;true_and;Nat.zero_add;Int.cast_ofNat_Int;Int.zero_add;Int.sub_zero;Nat.add_zero;Int.natCast_add;Nat.zero_le;Nat.not_le;Nat.le_refl
runtime__find_cancellation_exec,_tactus_loop_invariant_runtime.find_cancellation_exec_at_runtime_112_13_22,loop_invariant,18,DERIVABLE,REWRITE-CLOSURE(core-extended),yes,and_imp;forall_eq;and_self;implies_true;eq_iff_iff;true_and;Nat.zero_add;Int.cast_ofNat_Int;Int.zero_add;Int.sub_zero;Nat.add_zero;Int.natCast_add;Nat.zero_le;Nat.not_le;Nat.le_add_left;Int.ofNat_eq_coe;Int.toNat_natCast_add_one;imp_self
runtime__find_cancellation_exec,_tactus_loop_invariant_runtime.find_cancellation_exec_at_runtime_112_13_6,loop_invariant,14,DERIVABLE,REWRITE-CLOSURE(core-extended),yes,and_imp;forall_eq;and_self;implies_true;eq_iff_iff;true_and;Nat.zero_add;Int.cast_ofNat_Int;Int.zero_add;Int.sub_zero;Nat.add_zero;Int.natCast_add;Nat.zero_le;Nat.not_le
runtime__find_cancellation_exec,_tactus_loop_invariant_runtime.find_cancellation_exec_at_runtime_113_13_23,loop_invariant,18,DERIVABLE,REWRITE-CLOSURE(core-extended),yes,and_imp;forall_eq;and_self;implies_true;eq_iff_iff;true_and;Nat.zero_add;Int.cast_ofNat_Int;Int.zero_add;Int.sub_zero;Nat.add_zero;Int.natCast_add;Nat.zero_le;Nat.not_le;Nat.le_add_left;Int.ofNat_eq_coe;Int.toNat_natCast_add_one;imp_self
runtime__find_cancellation_exec,_tactus_loop_invariant_runtime.find_cancellation_exec_at_runtime_113_13_7,loop_invariant,14,DERIVABLE,REWRITE-CLOSURE(core-extended),yes,and_imp;forall_eq;and_self;implies_true;eq_iff_iff;true_and;Nat.zero_add;Int.cast_ofNat_Int;Int.zero_add;Int.sub_zero;Nat.add_zero;Int.natCast_add;Nat.zero_le;Nat.not_le
runtime__find_cancellation_exec,_tactus_postcondition_runtime.find_cancellation_exec_at_runtime_100_9_18,postcondition,17,DERIVABLE,REWRITE-CLOSURE(core-extended),yes,and_imp;forall_eq;and_self;implies_true;eq_iff_iff;true_and;Nat.zero_add;Int.cast_ofNat_Int;Int.zero_add;Int.sub_zero;Nat.add_zero;Int.natCast_add;Nat.zero_le;Nat.not_le;Nat.le_add_left;Int.ofNat_eq_coe;imp_self
runtime__find_cancellation_exec,_tactus_postcondition_runtime.find_cancellation_exec_at_runtime_100_9_29,postcondition,17,DERIVABLE,REWRITE-CLOSURE(core-extended),yes,and_imp;forall_eq;and_self;implies_true;eq_iff_iff;true_and;Nat.zero_add;Int.cast_ofNat_Int;Int.zero_add;Int.sub_zero;Nat.add_zero;Int.natCast_add;Nat.zero_le;Nat.not_le;Nat.not_lt;Nat.sub_le_iff_le_add;imp_self
runtime__find_cancellation_exec,_tactus_postcondition_runtime.find_cancellation_exec_at_runtime_100_9_4,postcondition,14,DERIVABLE,REWRITE-CLOSURE(fixed-core),yes,and_imp;forall_eq;and_self;implies_true;eq_iff_iff;true_and;Nat.zero_add;Int.cast_ofNat_Int;Int.zero_add;Int.sub_zero;Nat.add_zero;Int.natCast_add;Nat.zero_le;imp_self
sigma_orbit__lemma_sigma_orbit_covers,_tactus_postcondition_sigma_orbit.lemma_sigma_orbit_covers_at_sigma_orbit_305_9_5,postcondition,12,DERIVABLE,REWRITE-CLOSURE(fixed-core),yes,and_imp;forall_eq;and_self;implies_true;eq_iff_iff;true_and;Nat.zero_add;Int.cast_ofNat_Int;Int.zero_add;Int.sub_zero;Nat.add_zero;Int.natCast_add
tower__britton_lemma_via_tower,_tactus_precondition_tower.britton_lemma_via_tower_at_tower_408_5_2,precondition,12,DERIVABLE,REWRITE-CLOSURE(fixed-core),yes,and_imp;forall_eq;and_self;implies_true;eq_iff_iff;true_and;Nat.zero_add;Int.cast_ofNat_Int;Int.zero_add;Int.sub_zero;Nat.add_zero;Int.natCast_add
tower_peel__lemma_vi,_tactus_assert_tower_peel.lemma_vi_at_tower_peel_544_12_4,assert,13,DERIVABLE,REWRITE-CLOSURE(fixed-core),yes,eq_iff_iff;iff_true;and_imp;forall_eq;and_self;implies_true;true_and;Nat.zero_add;Int.cast_ofNat_Int;Int.zero_add;Int.sub_zero;Nat.add_zero;Int.natCast_add
tower_peel__lemma_vi,_tactus_postcondition_tower_peel.lemma_vi_at_tower_peel_540_9_7,postcondition,14,DERIVABLE,REWRITE-CLOSURE(fixed-core),yes,eq_iff_iff;iff_true;and_imp;forall_eq;and_self;implies_true;true_and;Nat.zero_add;Int.cast_ofNat_Int;Int.zero_add;Int.sub_zero;Nat.add_zero;Int.natCast_add;imp_self
tower_peel__lemma_vi,_tactus_precondition_tower_peel.lemma_vi_at_tower_peel_542_5_2,precondition,12,DERIVABLE,REWRITE-CLOSURE(fixed-core),yes,and_imp;forall_eq;and_self;implies_true;eq_iff_iff;true_and;Nat.zero_add;Int.cast_ofNat_Int;Int.zero_add;Int.sub_zero;Nat.add_zero;Int.natCast_add
tower_peel__lemma_vi,_tactus_precondition_tower_peel.lemma_vi_at_tower_peel_545_5_6,precondition,15,DERIVABLE,REWRITE-CLOSURE(core-extended),yes,eq_iff_iff;iff_true;and_imp;forall_eq;and_self;implies_true;true_and;Nat.zero_add;Int.cast_ofNat_Int;Int.zero_add;Int.sub_zero;Nat.add_zero;Int.natCast_add;Nat.le_refl;imp_self
